"Date","Price","Open","High","Low","Vol.","Change %"
"31-12-2010","1.5599","1.5424","1.5665","1.5424","","1.16%"
"30-12-2010","1.5420","1.5497","1.5537","1.5366","","-0.50%"
"29-12-2010","1.5498","1.5376","1.5520","1.5350","","0.75%"
"28-12-2010","1.5382","1.5418","1.5512","1.5345","","-0.23%"
"27-12-2010","1.5418","1.5442","1.5458","1.5370","","-0.15%"
"24-12-2010","1.5441","1.5429","1.5478","1.5417","","0.10%"
"23-12-2010","1.5426","1.5383","1.5439","1.5373","","0.27%"
"22-12-2010","1.5384","1.5469","1.5495","1.5356","","-0.52%"
"21-12-2010","1.5464","1.5508","1.5569","1.5436","","-0.30%"
"20-12-2010","1.5510","1.5503","1.5578","1.5476","","-0.15%"
"17-12-2010","1.5534","1.5629","1.5648","1.5454","","-0.64%"
"16-12-2010","1.5634","1.5542","1.5637","1.5540","","0.62%"
"15-12-2010","1.5537","1.5781","1.5785","1.5530","","-1.58%"
"14-12-2010","1.5786","1.5856","1.5912","1.5739","","-0.44%"
"13-12-2010","1.5856","1.5805","1.5898","1.5719","","0.25%"
"10-12-2010","1.5816","1.5768","1.5863","1.5748","","0.30%"
"09-12-2010","1.5768","1.5801","1.5842","1.5711","","-0.23%"
"08-12-2010","1.5804","1.5762","1.5837","1.5667","","0.29%"
"07-12-2010","1.5759","1.5714","1.5823","1.5703","","0.31%"
"06-12-2010","1.5710","1.5765","1.5776","1.5655","","-0.42%"
"03-12-2010","1.5777","1.5602","1.5788","1.5581","","1.11%"
"02-12-2010","1.5604","1.5622","1.5667","1.5511","","-0.15%"
"01-12-2010","1.5627","1.5561","1.5648","1.5547","","0.49%"
"30-11-2010","1.5551","1.5573","1.5597","1.5484","","-0.14%"
"29-11-2010","1.5573","1.5592","1.5648","1.5527","","-0.12%"
"26-11-2010","1.5591","1.5759","1.5772","1.5577","","-1.07%"
"25-11-2010","1.5759","1.5771","1.5795","1.5725","","-0.11%"
"24-11-2010","1.5777","1.5776","1.5837","1.5741","","-0.01%"
"23-11-2010","1.5778","1.5956","1.5966","1.5759","","-1.12%"
"22-11-2010","1.5957","1.5978","1.6086","1.5899","","-0.17%"
"19-11-2010","1.5984","1.6038","1.6095","1.5937","","-0.38%"
"18-11-2010","1.6045","1.5903","1.6056","1.5888","","0.95%"
"17-11-2010","1.5894","1.5883","1.5949","1.5854","","0.04%"
"16-11-2010","1.5887","1.6053","1.6086","1.5840","","-1.08%"
"15-11-2010","1.6060","1.6149","1.6155","1.6041","","-0.45%"
"12-11-2010","1.6133","1.6118","1.6185","1.5987","","0.12%"
"11-11-2010","1.6114","1.6121","1.6179","1.6081","","-0.05%"
"10-11-2010","1.6122","1.5985","1.6138","1.5960","","0.86%"
"09-11-2010","1.5985","1.6135","1.6185","1.5952","","-0.95%"
"08-11-2010","1.6139","1.6194","1.6213","1.6106","","-0.23%"
"05-11-2010","1.6177","1.6268","1.6294","1.6167","","-0.53%"
"04-11-2010","1.6263","1.6104","1.6301","1.6085","","1.04%"
"03-11-2010","1.6096","1.6043","1.6167","1.6006","","0.33%"
"02-11-2010","1.6043","1.6040","1.6082","1.5961","","0.05%"
"01-11-2010","1.6035","1.6043","1.6090","1.6007","","-0.02%"
"29-10-2010","1.6038","1.5936","1.6047","1.5877","","0.61%"
"28-10-2010","1.5941","1.5774","1.5978","1.5762","","1.07%"
"27-10-2010","1.5772","1.5847","1.5866","1.5730","","-0.43%"
"26-10-2010","1.5840","1.5733","1.5897","1.5691","","0.69%"
"25-10-2010","1.5731","1.5667","1.5774","1.5665","","0.31%"
"22-10-2010","1.5683","1.5709","1.5751","1.5655","","-0.15%"
"21-10-2010","1.5706","1.5838","1.5850","1.5686","","-0.88%"
"20-10-2010","1.5845","1.5692","1.5880","1.5654","","0.83%"
"19-10-2010","1.5715","1.5895","1.5942","1.5681","","-1.15%"
"18-10-2010","1.5898","1.5984","1.6005","1.5837","","-0.58%"
"15-10-2010","1.5990","1.6006","1.6106","1.5973","","-0.11%"
"14-10-2010","1.6007","1.5892","1.6067","1.5888","","0.70%"
"13-10-2010","1.5896","1.5803","1.5910","1.5774","","0.58%"
"12-10-2010","1.5805","1.5877","1.5918","1.5758","","-0.46%"
"11-10-2010","1.5878","1.5960","1.5964","1.5868","","-0.53%"
"08-10-2010","1.5963","1.5869","1.5966","1.5823","","0.55%"
"07-10-2010","1.5876","1.5886","1.6019","1.5828","","-0.10%"
"06-10-2010","1.5892","1.5888","1.5940","1.5833","","0.05%"
"05-10-2010","1.5884","1.5825","1.5932","1.5772","","0.40%"
"04-10-2010","1.5821","1.5804","1.5871","1.5749","","0.04%"
"01-10-2010","1.5815","1.5709","1.5873","1.5704","","0.66%"
"30-09-2010","1.5711","1.5790","1.5924","1.5669","","-0.48%"
"29-09-2010","1.5786","1.5800","1.5876","1.5762","","-0.07%"
"28-09-2010","1.5797","1.5808","1.5897","1.5719","","-0.19%"
"27-09-2010","1.5827","1.5822","1.5869","1.5787","","0.05%"
"24-09-2010","1.5819","1.5681","1.5845","1.5641","","0.93%"
"23-09-2010","1.5673","1.5645","1.5743","1.5611","","0.10%"
"22-09-2010","1.5658","1.5610","1.5717","1.5602","","0.32%"
"21-09-2010","1.5608","1.5546","1.5645","1.5503","","0.38%"
"20-09-2010","1.5549","1.5659","1.5687","1.5537","","-0.49%"
"17-09-2010","1.5626","1.5618","1.5730","1.5596","","0.04%"
"16-09-2010","1.5620","1.5626","1.5651","1.5538","","0.01%"
"15-09-2010","1.5619","1.5533","1.5652","1.5448","","0.54%"
"14-09-2010","1.5535","1.5424","1.5588","1.5347","","0.71%"
"13-09-2010","1.5426","1.5354","1.5490","1.5354","","0.51%"
"10-09-2010","1.5348","1.5431","1.5468","1.5345","","-0.51%"
"09-09-2010","1.5427","1.5471","1.5479","1.5375","","-0.28%"
"08-09-2010","1.5471","1.5357","1.5535","1.5343","","0.72%"
"07-09-2010","1.5361","1.5392","1.5426","1.5296","","-0.19%"
"06-09-2010","1.5390","1.5439","1.5491","1.5345","","-0.36%"
"03-09-2010","1.5445","1.5391","1.5471","1.5389","","0.30%"
"02-09-2010","1.5399","1.5446","1.5458","1.5349","","-0.36%"
"01-09-2010","1.5454","1.5351","1.5493","1.5336","","0.68%"
"31-08-2010","1.5349","1.5460","1.5480","1.5327","","-0.74%"
"30-08-2010","1.5463","1.5534","1.5581","1.5456","","-0.37%"
"27-08-2010","1.5520","1.5521","1.5541","1.5443","","-0.06%"
"26-08-2010","1.5530","1.5472","1.5599","1.5466","","0.45%"
"25-08-2010","1.5460","1.5411","1.5472","1.5389","","0.35%"
"24-08-2010","1.5406","1.5492","1.5515","1.5372","","-0.66%"
"23-08-2010","1.5509","1.5543","1.5621","1.5500","","-0.14%"
"20-08-2010","1.5531","1.5592","1.5600","1.5462","","-0.40%"
"19-08-2010","1.5594","1.5598","1.5673","1.5503","","-0.04%"
"18-08-2010","1.5600","1.5573","1.5689","1.5498","","0.08%"
"17-08-2010","1.5587","1.5651","1.5699","1.5551","","-0.48%"
"16-08-2010","1.5662","1.5579","1.5708","1.5536","","0.42%"
"13-08-2010","1.5596","1.5573","1.5683","1.5570","","0.19%"
"12-08-2010","1.5567","1.5640","1.5717","1.5562","","-0.33%"
"11-08-2010","1.5619","1.5849","1.5869","1.5613","","-1.47%"
"10-08-2010","1.5852","1.5900","1.5912","1.5709","","-0.31%"
"09-08-2010","1.5901","1.5987","1.6000","1.5890","","-0.28%"
"06-08-2010","1.5945","1.5885","1.6004","1.5839","","0.33%"
"05-08-2010","1.5892","1.5885","1.5930","1.5820","","0.03%"
"04-08-2010","1.5887","1.5946","1.5969","1.5857","","-0.38%"
"03-08-2010","1.5948","1.5889","1.5970","1.5861","","0.35%"
"02-08-2010","1.5892","1.5724","1.5909","1.5696","","1.34%"
"30-07-2010","1.5682","1.5614","1.5724","1.5551","","0.47%"
"29-07-2010","1.5609","1.5587","1.5664","1.5580","","0.12%"
"28-07-2010","1.5590","1.5592","1.5640","1.5545","","0.01%"
"27-07-2010","1.5588","1.5483","1.5602","1.5442","","0.67%"
"26-07-2010","1.5484","1.5416","1.5522","1.5409","","0.32%"
"23-07-2010","1.5434","1.5251","1.5450","1.5253","","1.19%"
"22-07-2010","1.5252","1.5176","1.5298","1.5150","","0.59%"
"21-07-2010","1.5163","1.5270","1.5337","1.5124","","-0.68%"
"20-07-2010","1.5267","1.5222","1.5311","1.5152","","0.30%"
"19-07-2010","1.5222","1.5286","1.5353","1.5202","","-0.43%"
"16-07-2010","1.5288","1.5439","1.5451","1.5278","","-1.07%"
"15-07-2010","1.5454","1.5263","1.5473","1.5236","","1.28%"
"14-07-2010","1.5258","1.5181","1.5298","1.5173","","0.56%"
"13-07-2010","1.5173","1.5025","1.5195","1.4964","","1.01%"
"12-07-2010","1.5021","1.5053","1.5088","1.4948","","-0.27%"
"09-07-2010","1.5062","1.5159","1.5206","1.5051","","-0.66%"
"08-07-2010","1.5162","1.5171","1.5243","1.5101","","-0.14%"
"07-07-2010","1.5183","1.5149","1.5221","1.5079","","0.22%"
"06-07-2010","1.5150","1.5134","1.5229","1.5082","","0.09%"
"05-07-2010","1.5136","1.5198","1.5201","1.5090","","-0.41%"
"02-07-2010","1.5199","1.5166","1.5231","1.5150","","0.17%"
"01-07-2010","1.5173","1.4944","1.5192","1.4873","","1.51%"
"30-06-2010","1.4947","1.5056","1.5075","1.4934","","-0.75%"
"29-06-2010","1.5060","1.5096","1.5122","1.5012","","-0.26%"
"28-06-2010","1.5099","1.5052","1.5130","1.5018","","0.24%"
"25-06-2010","1.5063","1.4920","1.5079","1.4856","","0.91%"
"24-06-2010","1.4927","1.4955","1.5013","1.4915","","-0.27%"
"23-06-2010","1.4967","1.4804","1.4975","1.4802","","1.08%"
"22-06-2010","1.4807","1.4762","1.4859","1.4690","","0.41%"
"21-06-2010","1.4747","1.4846","1.4935","1.4739","","-0.53%"
"18-06-2010","1.4826","1.4812","1.4886","1.4774","","0.03%"
"17-06-2010","1.4821","1.4716","1.4838","1.4644","","0.63%"
"16-06-2010","1.4728","1.4802","1.4857","1.4713","","-0.49%"
"15-06-2010","1.4800","1.4737","1.4837","1.4685","","0.40%"
"14-06-2010","1.4741","1.4589","1.4808","1.4562","","1.37%"
"11-06-2010","1.4542","1.4711","1.4757","1.4505","","-1.09%"
"10-06-2010","1.4702","1.4541","1.4723","1.4510","","1.16%"
"09-06-2010","1.4533","1.4456","1.4608","1.4396","","0.44%"
"08-06-2010","1.4470","1.4470","1.4530","1.4347","","0.02%"
"07-06-2010","1.4467","1.4428","1.4561","1.4391","","0.05%"
"04-06-2010","1.4460","1.4631","1.4680","1.4453","","-1.03%"
"03-06-2010","1.4611","1.4662","1.4745","1.4587","","-0.25%"
"02-06-2010","1.4648","1.4652","1.4768","1.4557","","0.02%"
"01-06-2010","1.4645","1.4518","1.4721","1.4440","","0.74%"
"31-05-2010","1.4537","1.4447","1.4550","1.4430","","0.51%"
"28-05-2010","1.4463","1.4574","1.4611","1.4434","","-0.82%"
"27-05-2010","1.4582","1.4382","1.4608","1.4375","","1.51%"
"26-05-2010","1.4365","1.4417","1.4443","1.4333","","-0.40%"
"25-05-2010","1.4422","1.4396","1.4438","1.4261","","0.02%"
"24-05-2010","1.4419","1.4452","1.4530","1.4352","","-0.32%"
"21-05-2010","1.4466","1.4369","1.4497","1.4318","","0.81%"
"20-05-2010","1.4350","1.4442","1.4461","1.4238","","-0.71%"
"19-05-2010","1.4452","1.4280","1.4460","1.4238","","1.06%"
"18-05-2010","1.4301","1.4476","1.4518","1.4279","","-1.21%"
"17-05-2010","1.4476","1.4505","1.4527","1.4253","","-0.42%"
"14-05-2010","1.4537","1.4595","1.4640","1.4497","","-0.47%"
"13-05-2010","1.4605","1.4838","1.4916","1.4583","","-1.47%"
"12-05-2010","1.4823","1.4944","1.5045","1.4819","","-0.87%"
"11-05-2010","1.4953","1.4851","1.5005","1.4720","","0.72%"
"10-05-2010","1.4846","1.4827","1.5053","1.4782","","0.31%"
"07-05-2010","1.4800","1.4826","1.4933","1.4482","","0.26%"
"06-05-2010","1.4762","1.5101","1.5149","1.4716","","-2.22%"
"05-05-2010","1.5097","1.5133","1.5173","1.5069","","-0.25%"
"04-05-2010","1.5135","1.5241","1.5267","1.5091","","-0.72%"
"03-05-2010","1.5244","1.5312","1.5315","1.5213","","-0.16%"
"30-04-2010","1.5268","1.5345","1.5390","1.5253","","-0.34%"
"29-04-2010","1.5320","1.5198","1.5354","1.5143","","0.78%"
"28-04-2010","1.5201","1.5250","1.5289","1.5129","","-0.28%"
"27-04-2010","1.5243","1.5465","1.5480","1.5234","","-1.35%"
"26-04-2010","1.5451","1.5387","1.5497","1.5380","","0.48%"
"23-04-2010","1.5377","1.5364","1.5398","1.5297","","-0.09%"
"22-04-2010","1.5391","1.5411","1.5474","1.5334","","-0.08%"
"21-04-2010","1.5403","1.5373","1.5440","1.5332","","0.21%"
"20-04-2010","1.5370","1.5336","1.5429","1.5291","","0.22%"
"19-04-2010","1.5336","1.5286","1.5343","1.5192","","-0.14%"
"16-04-2010","1.5358","1.5463","1.5478","1.5357","","-0.92%"
"15-04-2010","1.5500","1.5474","1.5524","1.5390","","0.21%"
"14-04-2010","1.5467","1.5381","1.5490","1.5375","","0.60%"
"13-04-2010","1.5375","1.5368","1.5448","1.5336","","0.07%"
"12-04-2010","1.5365","1.5443","1.5486","1.5353","","-0.05%"
"09-04-2010","1.5373","1.5288","1.5391","1.5267","","0.65%"
"08-04-2010","1.5273","1.5227","1.5293","1.5143","","0.22%"
"07-04-2010","1.5240","1.5256","1.5286","1.5139","","-0.19%"
"06-04-2010","1.5269","1.5287","1.5294","1.5129","","-0.14%"
"05-04-2010","1.5290","1.5263","1.5320","1.5223","","0.54%"
"02-04-2010","1.5208","1.5292","1.5295","1.5182","","-0.54%"
"01-04-2010","1.5291","1.5189","1.5303","1.5179","","0.72%"
"31-03-2010","1.5182","1.5078","1.5204","1.5044","","0.77%"
"30-03-2010","1.5066","1.4987","1.5126","1.4975","","0.54%"
"29-03-2010","1.4985","1.4931","1.5018","1.4893","","0.57%"
"26-03-2010","1.4900","1.4829","1.4923","1.4810","","0.61%"
"25-03-2010","1.4809","1.4887","1.4985","1.4800","","-0.40%"
"24-03-2010","1.4868","1.5030","1.5039","1.4855","","-1.13%"
"23-03-2010","1.5038","1.5107","1.5113","1.4976","","-0.38%"
"22-03-2010","1.5096","1.4992","1.5109","1.4933","","0.57%"
"19-03-2010","1.5010","1.5247","1.5257","1.4990","","-1.54%"
"18-03-2010","1.5245","1.5317","1.5328","1.5217","","-0.50%"
"17-03-2010","1.5321","1.5244","1.5378","1.5209","","0.51%"
"16-03-2010","1.5243","1.5050","1.5261","1.4978","","1.27%"
"15-03-2010","1.5052","1.5186","1.5207","1.5021","","-0.86%"
"12-03-2010","1.5183","1.5065","1.5217","1.5027","","0.82%"
"11-03-2010","1.5060","1.4970","1.5077","1.4947","","0.53%"
"10-03-2010","1.4981","1.5005","1.5016","1.4876","","-0.12%"
"09-03-2010","1.4999","1.5055","1.5056","1.4938","","-0.41%"
"08-03-2010","1.5061","1.5144","1.5196","1.5032","","-0.48%"
"05-03-2010","1.5134","1.5034","1.5168","1.4993","","0.69%"
"04-03-2010","1.5031","1.5100","1.5136","1.5006","","-0.47%"
"03-03-2010","1.5102","1.4997","1.5132","1.4968","","0.95%"
"02-03-2010","1.4960","1.4980","1.5016","1.4857","","-0.19%"
"01-03-2010","1.4989","1.5172","1.5204","1.4784","","-1.69%"
"26-02-2010","1.5247","1.5251","1.5314","1.5150","","-0.13%"
"25-02-2010","1.5267","1.5414","1.5422","1.5193","","-0.88%"
"24-02-2010","1.5402","1.5435","1.5478","1.5388","","-0.07%"
"23-02-2010","1.5413","1.5491","1.5575","1.5394","","-0.44%"
"22-02-2010","1.5481","1.5471","1.5518","1.5440","","0.06%"
"19-02-2010","1.5472","1.5486","1.5515","1.5355","","-0.99%"
"18-02-2010","1.5626","1.5678","1.5688","1.5486","","-0.28%"
"17-02-2010","1.5670","1.5787","1.5816","1.5667","","-0.73%"
"16-02-2010","1.5785","1.5659","1.5796","1.5629","","0.82%"
"15-02-2010","1.5656","1.5679","1.5720","1.5613","","-0.20%"
"12-02-2010","1.5688","1.5703","1.5743","1.5583","","-0.03%"
"11-02-2010","1.5693","1.5600","1.5718","1.5560","","0.72%"
"10-02-2010","1.5581","1.5704","1.5766","1.5572","","-0.78%"
"09-02-2010","1.5704","1.5577","1.5745","1.5562","","0.69%"
"08-02-2010","1.5597","1.5596","1.5661","1.5538","","-0.23%"
"05-02-2010","1.5633","1.5761","1.5776","1.5559","","-0.74%"
"04-02-2010","1.5749","1.5900","1.5920","1.5732","","-0.93%"
"03-02-2010","1.5897","1.5981","1.6068","1.5884","","-0.48%"
"02-02-2010","1.5973","1.5953","1.5995","1.5904","","0.12%"
"01-02-2010","1.5954","1.5960","1.5980","1.5850","","-0.30%"
"29-01-2010","1.6002","1.6142","1.6180","1.5979","","-0.75%"
"28-01-2010","1.6123","1.6174","1.6277","1.6113","","-0.24%"
"27-01-2010","1.6161","1.6144","1.6244","1.6109","","0.12%"
"26-01-2010","1.6141","1.6243","1.6269","1.6096","","-0.61%"
"25-01-2010","1.6240","1.6112","1.6261","1.6093","","0.83%"
"22-01-2010","1.6107","1.6195","1.6284","1.6079","","-0.55%"
"21-01-2010","1.6196","1.6298","1.6313","1.6125","","-0.52%"
"20-01-2010","1.6280","1.6364","1.6372","1.6244","","-0.54%"
"19-01-2010","1.6369","1.6340","1.6457","1.6313","","0.24%"
"18-01-2010","1.6330","1.6272","1.6378","1.6252","","0.42%"
"15-01-2010","1.6262","1.6334","1.6353","1.6214","","-0.43%"
"14-01-2010","1.6332","1.6284","1.6347","1.6250","","0.29%"
"13-01-2010","1.6285","1.6157","1.6304","1.6137","","0.69%"
"12-01-2010","1.6173","1.6108","1.6195","1.6063","","0.44%"
"11-01-2010","1.6102","1.6076","1.6193","1.6056","","0.47%"
"08-01-2010","1.6027","1.5935","1.6111","1.5915","","0.59%"
"07-01-2010","1.5933","1.6017","1.6059","1.5897","","-0.56%"
"06-01-2010","1.6023","1.5992","1.6065","1.5939","","0.18%"
"05-01-2010","1.5995","1.6104","1.6155","1.5966","","-0.62%"
"04-01-2010","1.6095","1.6134","1.6240","1.6061","","-0.45%"
"01-01-2010","1.6168","1.6165","1.6170","1.6159","","0.09%"
"31-12-2009","1.6154","1.6077","1.6237","1.6050","","0.53%"
"30-12-2009","1.6069","1.5893","1.6096","1.5833","","1.09%"
"29-12-2009","1.5896","1.6002","1.6067","1.5868","","-0.65%"
"28-12-2009","1.6000","1.5955","1.6016","1.5934","","0.24%"
"25-12-2009","1.5962","1.5972","1.5990","1.5961","","0.06%"
"24-12-2009","1.5953","1.5961","1.6023","1.5929","","-0.01%"
"23-12-2009","1.5955","1.5970","1.5995","1.5927","","-0.09%"
"22-12-2009","1.5970","1.6054","1.6100","1.5924","","-0.44%"
"21-12-2009","1.6041","1.6128","1.6165","1.6030","","-0.62%"
"18-12-2009","1.6141","1.6160","1.6248","1.6052","","-0.09%"
"17-12-2009","1.6156","1.6330","1.6338","1.6081","","-1.09%"
"16-12-2009","1.6334","1.6266","1.6412","1.6232","","0.36%"
"15-12-2009","1.6275","1.6309","1.6319","1.6205","","-0.21%"
"14-12-2009","1.6310","1.6248","1.6328","1.6190","","0.38%"
"11-12-2009","1.6249","1.6277","1.6339","1.6197","","-0.17%"
"10-12-2009","1.6277","1.6269","1.6347","1.6218","","0.10%"
"09-12-2009","1.6261","1.6267","1.6372","1.6167","","-0.15%"
"08-12-2009","1.6286","1.6453","1.6478","1.6241","","-0.97%"
"07-12-2009","1.6446","1.6452","1.6517","1.6315","","-0.01%"
"04-12-2009","1.6448","1.6547","1.6667","1.6424","","-0.67%"
"03-12-2009","1.6559","1.6649","1.6723","1.6543","","-0.45%"
"02-12-2009","1.6634","1.6618","1.6696","1.6552","","0.07%"
"01-12-2009","1.6622","1.6448","1.6647","1.6394","","1.03%"
"30-11-2009","1.6452","1.6504","1.6593","1.6382","","-0.08%"
"27-11-2009","1.6465","1.6479","1.6526","1.6273","","-0.27%"
"26-11-2009","1.6509","1.6702","1.6727","1.6442","","-1.23%"
"25-11-2009","1.6715","1.6583","1.6746","1.6579","","0.86%"
"24-11-2009","1.6573","1.6608","1.6613","1.6498","","-0.22%"
"23-11-2009","1.6609","1.6504","1.6649","1.6488","","0.61%"
"20-11-2009","1.6508","1.6661","1.6676","1.6462","","-0.90%"
"19-11-2009","1.6658","1.6742","1.6749","1.6606","","-0.51%"
"18-11-2009","1.6743","1.6816","1.6845","1.6716","","-0.42%"
"17-11-2009","1.6813","1.6830","1.6873","1.6756","","-0.08%"
"16-11-2009","1.6826","1.6725","1.6876","1.6670","","0.82%"
"13-11-2009","1.6689","1.6584","1.6707","1.6573","","0.62%"
"12-11-2009","1.6586","1.6576","1.6628","1.6518","","0.11%"
"11-11-2009","1.6567","1.6744","1.6792","1.6537","","-0.99%"
"10-11-2009","1.6733","1.6771","1.6789","1.6603","","-0.10%"
"09-11-2009","1.6750","1.6644","1.6844","1.6618","","0.79%"
"06-11-2009","1.6618","1.6572","1.6636","1.6519","","0.17%"
"05-11-2009","1.6590","1.6558","1.6637","1.6467","","0.16%"
"04-11-2009","1.6564","1.6431","1.6598","1.6402","","0.90%"
"03-11-2009","1.6416","1.6400","1.6455","1.6264","","0.16%"
"02-11-2009","1.6390","1.6418","1.6480","1.6330","","-0.34%"
"30-10-2009","1.6446","1.6562","1.6580","1.6410","","-0.67%"
"29-10-2009","1.6557","1.6381","1.6605","1.6339","","1.09%"
"28-10-2009","1.6378","1.6392","1.6464","1.6287","","-0.01%"
"27-10-2009","1.6379","1.6301","1.6439","1.6286","","0.34%"
"26-10-2009","1.6324","1.6289","1.6396","1.6251","","0.12%"
"23-10-2009","1.6305","1.6624","1.6695","1.6300","","-1.90%"
"22-10-2009","1.6620","1.6596","1.6637","1.6489","","0.12%"
"21-10-2009","1.6600","1.6380","1.6637","1.6349","","1.31%"
"20-10-2009","1.6386","1.6422","1.6490","1.6330","","-0.13%"
"19-10-2009","1.6408","1.6337","1.6431","1.6242","","0.33%"
"16-10-2009","1.6354","1.6303","1.6400","1.6252","","0.51%"
"15-10-2009","1.6271","1.6001","1.6320","1.5998","","1.86%"
"14-10-2009","1.5974","1.5934","1.6025","1.5903","","0.31%"
"13-10-2009","1.5925","1.5807","1.5940","1.5709","","0.83%"
"12-10-2009","1.5794","1.5855","1.5883","1.5730","","-0.25%"
"09-10-2009","1.5834","1.6053","1.6067","1.5826","","-1.49%"
"08-10-2009","1.6074","1.5963","1.6119","1.5951","","0.71%"
"07-10-2009","1.5961","1.5916","1.5975","1.5859","","0.29%"
"06-10-2009","1.5915","1.5945","1.6047","1.5878","","-0.14%"
"05-10-2009","1.5938","1.5934","1.6023","1.5903","","0.00%"
"02-10-2009","1.5938","1.5912","1.5957","1.5807","","-0.03%"
"01-10-2009","1.5943","1.6004","1.6023","1.5908","","-0.38%"
"30-09-2009","1.6004","1.5963","1.6126","1.5948","","0.29%"
"29-09-2009","1.5958","1.5888","1.5989","1.5827","","0.46%"
"28-09-2009","1.5885","1.5919","1.5948","1.5773","","-0.42%"
"25-09-2009","1.5952","1.6010","1.6055","1.5919","","-0.67%"
"24-09-2009","1.6060","1.6346","1.6389","1.5972","","-1.75%"
"23-09-2009","1.6346","1.6365","1.6463","1.6325","","-0.04%"
"22-09-2009","1.6353","1.6214","1.6401","1.6212","","0.88%"
"21-09-2009","1.6210","1.6236","1.6265","1.6134","","-0.37%"
"18-09-2009","1.6270","1.6438","1.6447","1.6232","","-1.06%"
"17-09-2009","1.6444","1.6482","1.6569","1.6426","","-0.26%"
"16-09-2009","1.6487","1.6487","1.6535","1.6434","","-0.02%"
"15-09-2009","1.6490","1.6591","1.6658","1.6406","","-0.47%"
"14-09-2009","1.6568","1.6668","1.6670","1.6520","","-0.56%"
"11-09-2009","1.6661","1.6654","1.6742","1.6644","","0.07%"
"10-09-2009","1.6650","1.6543","1.6687","1.6481","","0.67%"
"09-09-2009","1.6540","1.6501","1.6592","1.6456","","0.32%"
"08-09-2009","1.6487","1.6341","1.6587","1.6323","","0.87%"
"07-09-2009","1.6345","1.6404","1.6444","1.6326","","-0.28%"
"04-09-2009","1.6391","1.6327","1.6410","1.6288","","0.37%"
"03-09-2009","1.6331","1.6271","1.6414","1.6238","","0.39%"
"02-09-2009","1.6268","1.6145","1.6300","1.6114","","0.69%"
"01-09-2009","1.6156","1.6281","1.6376","1.6114","","-0.73%"
"31-08-2009","1.6274","1.6266","1.6330","1.6184","","0.04%"
"28-08-2009","1.6267","1.6280","1.6381","1.6258","","0.01%"
"27-08-2009","1.6266","1.6232","1.6305","1.6154","","0.17%"
"26-08-2009","1.6239","1.6330","1.6353","1.6163","","-0.59%"
"25-08-2009","1.6335","1.6411","1.6443","1.6321","","-0.51%"
"24-08-2009","1.6419","1.6506","1.6547","1.6392","","-0.52%"
"21-08-2009","1.6505","1.6506","1.6622","1.6420","","0.01%"
"20-08-2009","1.6504","1.6548","1.6598","1.6452","","-0.19%"
"19-08-2009","1.6536","1.6573","1.6592","1.6376","","-0.12%"
"18-08-2009","1.6556","1.6344","1.6592","1.6327","","1.30%"
"17-08-2009","1.6343","1.6489","1.6502","1.6277","","-1.18%"
"14-08-2009","1.6538","1.6568","1.6608","1.6487","","-0.25%"
"13-08-2009","1.6579","1.6499","1.6660","1.6486","","0.55%"
"12-08-2009","1.6488","1.6485","1.6560","1.6392","","0.02%"
"11-08-2009","1.6484","1.6482","1.6527","1.6431","","0.01%"
"10-08-2009","1.6482","1.6679","1.6720","1.6432","","-1.19%"
"07-08-2009","1.6680","1.6795","1.6835","1.6653","","-0.56%"
"06-08-2009","1.6774","1.6992","1.7029","1.6752","","-1.22%"
"05-08-2009","1.6981","1.6940","1.7043","1.6901","","0.29%"
"04-08-2009","1.6932","1.6939","1.7005","1.6892","","-0.01%"
"03-08-2009","1.6934","1.6736","1.6984","1.6697","","1.29%"
"31-07-2009","1.6718","1.6499","1.6733","1.6473","","1.31%"
"30-07-2009","1.6502","1.6361","1.6526","1.6348","","0.76%"
"29-07-2009","1.6377","1.6422","1.6469","1.6344","","-0.34%"
"28-07-2009","1.6433","1.6488","1.6558","1.6391","","-0.35%"
"27-07-2009","1.6490","1.6426","1.6523","1.6383","","0.38%"
"24-07-2009","1.6428","1.6502","1.6542","1.6392","","-0.31%"
"23-07-2009","1.6479","1.6452","1.6585","1.6435","","0.13%"
"22-07-2009","1.6457","1.6435","1.6506","1.6310","","0.08%"
"21-07-2009","1.6444","1.6534","1.6542","1.6385","","-0.60%"
"20-07-2009","1.6543","1.6358","1.6557","1.6347","","1.32%"
"17-07-2009","1.6328","1.6424","1.6434","1.6267","","-0.68%"
"16-07-2009","1.6439","1.6421","1.6477","1.6356","","0.09%"
"15-07-2009","1.6424","1.6327","1.6468","1.6303","","0.64%"
"14-07-2009","1.6319","1.6254","1.6345","1.6229","","0.56%"
"13-07-2009","1.6228","1.6193","1.6262","1.6033","","0.19%"
"10-07-2009","1.6198","1.6334","1.6338","1.6155","","-0.86%"
"09-07-2009","1.6338","1.6046","1.6380","1.6033","","1.69%"
"08-07-2009","1.6066","1.6103","1.6138","1.5984","","-0.38%"
"07-07-2009","1.6128","1.6283","1.6296","1.6095","","-0.89%"
"06-07-2009","1.6273","1.6295","1.6327","1.6097","","-0.39%"
"03-07-2009","1.6337","1.6342","1.6431","1.6303","","-0.12%"
"02-07-2009","1.6356","1.6490","1.6501","1.6324","","-0.72%"
"01-07-2009","1.6474","1.6471","1.6546","1.6385","","0.07%"
"30-06-2009","1.6463","1.6567","1.6743","1.6424","","-0.55%"
"29-06-2009","1.6554","1.6508","1.6592","1.6431","","0.21%"
"26-06-2009","1.6520","1.6395","1.6561","1.6369","","0.93%"
"25-06-2009","1.6367","1.6428","1.6468","1.6235","","-0.23%"
"24-06-2009","1.6405","1.6444","1.6601","1.6373","","-0.29%"
"23-06-2009","1.6453","1.6330","1.6475","1.6210","","0.69%"
"22-06-2009","1.6340","1.6498","1.6516","1.6311","","-0.99%"
"19-06-2009","1.6504","1.6346","1.6565","1.6304","","1.05%"
"18-06-2009","1.6333","1.6408","1.6469","1.6191","","-0.35%"
"17-06-2009","1.6390","1.6379","1.6482","1.6222","","-0.03%"
"16-06-2009","1.6395","1.6291","1.6504","1.6218","","0.56%"
"15-06-2009","1.6303","1.6423","1.6434","1.6244","","-0.85%"
"12-06-2009","1.6442","1.6587","1.6599","1.6337","","-0.79%"
"11-06-2009","1.6573","1.6355","1.6619","1.6340","","1.36%"
"10-06-2009","1.6351","1.6312","1.6471","1.6242","","0.25%"
"09-06-2009","1.6311","1.6073","1.6362","1.5987","","1.63%"
"08-06-2009","1.6049","1.5963","1.6105","1.5805","","0.45%"
"05-06-2009","1.5977","1.6140","1.6235","1.5943","","-1.24%"
"04-06-2009","1.6178","1.6303","1.6433","1.6091","","-0.72%"
"03-06-2009","1.6296","1.6571","1.6662","1.6243","","-1.68%"
"02-06-2009","1.6575","1.6449","1.6598","1.6327","","0.80%"
"01-06-2009","1.6443","1.6176","1.6498","1.6163","","1.61%"
"29-05-2009","1.6182","1.5944","1.6197","1.5924","","1.59%"
"28-05-2009","1.5928","1.5959","1.6012","1.5855","","-0.19%"
"27-05-2009","1.5958","1.5946","1.6086","1.5924","","0.18%"
"26-05-2009","1.5929","1.5918","1.5973","1.5779","","0.08%"
"25-05-2009","1.5917","1.5920","1.5934","1.5837","","-0.10%"
"22-05-2009","1.5933","1.5869","1.5941","1.5756","","0.56%"
"21-05-2009","1.5845","1.5742","1.5892","1.5520","","0.71%"
"20-05-2009","1.5734","1.5482","1.5794","1.5452","","1.69%"
"19-05-2009","1.5473","1.5330","1.5524","1.5296","","0.83%"
"18-05-2009","1.5345","1.5164","1.5349","1.5118","","1.21%"
"15-05-2009","1.5161","1.5222","1.5288","1.5135","","-0.39%"
"14-05-2009","1.5221","1.5136","1.5248","1.5062","","0.46%"
"13-05-2009","1.5151","1.5280","1.5332","1.5088","","-0.79%"
"12-05-2009","1.5271","1.5110","1.5353","1.5074","","1.04%"
"11-05-2009","1.5114","1.5225","1.5248","1.5070","","-0.85%"
"08-05-2009","1.5244","1.5029","1.5254","1.4969","","1.41%"
"07-05-2009","1.5032","1.5122","1.5197","1.4946","","-0.59%"
"06-05-2009","1.5121","1.5053","1.5154","1.4993","","0.36%"
"05-05-2009","1.5067","1.5035","1.5162","1.4984","","0.27%"
"04-05-2009","1.5027","1.4932","1.5041","1.4838","","0.74%"
"01-05-2009","1.4917","1.4792","1.4935","1.4755","","0.89%"
"30-04-2009","1.4786","1.4761","1.4944","1.4705","","0.08%"
"29-04-2009","1.4774","1.4638","1.4813","1.4625","","1.02%"
"28-04-2009","1.4625","1.4622","1.4691","1.4518","","0.03%"
"27-04-2009","1.4620","1.4650","1.4695","1.4516","","-0.37%"
"24-04-2009","1.4675","1.4691","1.4773","1.4575","","-0.29%"
"23-04-2009","1.4717","1.4482","1.4741","1.4444","","1.68%"
"22-04-2009","1.4474","1.4670","1.4679","1.4402","","-1.34%"
"21-04-2009","1.4671","1.4518","1.4708","1.4474","","1.01%"
"20-04-2009","1.4525","1.4779","1.4796","1.4485","","-1.81%"
"17-04-2009","1.4793","1.4924","1.4940","1.4756","","-0.87%"
"16-04-2009","1.4923","1.4995","1.5066","1.4841","","-0.42%"
"15-04-2009","1.4986","1.4901","1.5036","1.4826","","0.60%"
"14-04-2009","1.4896","1.4854","1.4943","1.4826","","0.34%"
"13-04-2009","1.4845","1.4626","1.4870","1.4605","","1.19%"
"10-04-2009","1.4670","1.4654","1.4684","1.4600","","0.02%"
"09-04-2009","1.4667","1.4694","1.4779","1.4585","","-0.21%"
"08-04-2009","1.4698","1.4735","1.4747","1.4636","","-0.23%"
"07-04-2009","1.4732","1.4695","1.4778","1.4584","","-0.14%"
"06-04-2009","1.4752","1.4867","1.4957","1.4664","","-0.53%"
"03-04-2009","1.4830","1.4736","1.4846","1.4650","","0.69%"
"02-04-2009","1.4729","1.4463","1.4750","1.4453","","1.85%"
"01-04-2009","1.4461","1.4344","1.4480","1.4274","","0.95%"
"31-03-2009","1.4325","1.4263","1.4375","1.4241","","0.49%"
"30-03-2009","1.4255","1.4262","1.4299","1.4113","","-0.47%"
"27-03-2009","1.4323","1.4465","1.4495","1.4270","","-0.80%"
"26-03-2009","1.4438","1.4553","1.4638","1.4425","","-0.78%"
"25-03-2009","1.4551","1.4702","1.4723","1.4516","","-0.87%"
"24-03-2009","1.4678","1.4561","1.4777","1.4554","","0.74%"
"23-03-2009","1.4570","1.4480","1.4647","1.4453","","0.72%"
"20-03-2009","1.4466","1.4501","1.4589","1.4396","","-0.28%"
"19-03-2009","1.4506","1.4298","1.4596","1.4168","","1.21%"
"18-03-2009","1.4332","1.4051","1.4335","1.3852","","2.03%"
"17-03-2009","1.4047","1.4071","1.4138","1.3965","","-0.09%"
"16-03-2009","1.4060","1.3959","1.4230","1.3923","","0.41%"
"13-03-2009","1.4003","1.3931","1.4069","1.3865","","0.50%"
"12-03-2009","1.3933","1.3852","1.3982","1.3704","","0.53%"
"11-03-2009","1.3860","1.3767","1.3889","1.3658","","0.83%"
"10-03-2009","1.3746","1.3784","1.3904","1.3690","","-0.17%"
"09-03-2009","1.3770","1.4150","1.4182","1.3744","","-2.18%"
"06-03-2009","1.4077","1.4125","1.4299","1.4044","","-0.43%"
"05-03-2009","1.4138","1.4182","1.4232","1.4040","","-0.18%"
"04-03-2009","1.4163","1.4039","1.4198","1.3986","","0.75%"
"03-03-2009","1.4057","1.4047","1.4157","1.3988","","0.06%"
"02-03-2009","1.4048","1.4257","1.4295","1.3960","","-1.82%"
"27-02-2009","1.4309","1.4313","1.4365","1.4113","","0.06%"
"26-02-2009","1.4301","1.4208","1.4385","1.4162","","0.74%"
"25-02-2009","1.4196","1.4502","1.4604","1.4175","","-1.93%"
"24-02-2009","1.4476","1.4463","1.4579","1.4377","","-0.07%"
"23-02-2009","1.4486","1.4384","1.4662","1.4367","","0.33%"
"20-02-2009","1.4438","1.4274","1.4472","1.4154","","1.08%"
"19-02-2009","1.4284","1.4230","1.4447","1.4223","","0.47%"
"18-02-2009","1.4217","1.4242","1.4299","1.4095","","-0.18%"
"17-02-2009","1.4242","1.4291","1.4310","1.4125","","-0.20%"
"16-02-2009","1.4271","1.4221","1.4319","1.4152","","-0.79%"
"13-02-2009","1.4385","1.4286","1.4603","1.4267","","0.88%"
"12-02-2009","1.4260","1.4368","1.4415","1.4139","","-0.84%"
"11-02-2009","1.4381","1.4551","1.4566","1.4316","","-0.90%"
"10-02-2009","1.4512","1.4883","1.4904","1.4457","","-2.64%"
"09-02-2009","1.4906","1.4794","1.4985","1.4703","","0.71%"
"06-02-2009","1.4801","1.4626","1.4842","1.4592","","1.26%"
"05-02-2009","1.4617","1.4466","1.4703","1.4370","","1.17%"
"04-02-2009","1.4448","1.4446","1.4577","1.4326","","-0.11%"
"03-02-2009","1.4464","1.4246","1.4484","1.4158","","1.32%"
"02-02-2009","1.4276","1.4431","1.4461","1.4052","","-1.57%"
"30-01-2009","1.4503","1.4288","1.4537","1.4189","","1.41%"
"29-01-2009","1.4302","1.4234","1.4405","1.4072","","0.64%"
"28-01-2009","1.4211","1.4159","1.4368","1.4125","","0.50%"
"27-01-2009","1.4141","1.3979","1.4240","1.3931","","1.27%"
"26-01-2009","1.3964","1.3668","1.4026","1.3549","","1.11%"
"23-01-2009","1.3811","1.3877","1.3893","1.3506","","-0.34%"
"22-01-2009","1.3858","1.3929","1.3999","1.3693","","-0.87%"
"21-01-2009","1.3979","1.3898","1.4023","1.3622","","0.56%"
"20-01-2009","1.3901","1.4440","1.4444","1.3844","","-3.85%"
"19-01-2009","1.4458","1.4855","1.4910","1.4400","","-1.93%"
"16-01-2009","1.4743","1.4660","1.4981","1.4644","","0.59%"
"15-01-2009","1.4656","1.4610","1.4685","1.4483","","0.57%"
"14-01-2009","1.4573","1.4507","1.4710","1.4491","","0.50%"
"13-01-2009","1.4500","1.4815","1.4825","1.4474","","-2.21%"
"12-01-2009","1.4828","1.5110","1.5131","1.4808","","-2.25%"
"09-01-2009","1.5169","1.5222","1.5349","1.5118","","-0.49%"
"08-01-2009","1.5243","1.5103","1.5373","1.4985","","0.87%"
"07-01-2009","1.5111","1.4922","1.5280","1.4810","","1.25%"
"06-01-2009","1.4925","1.4696","1.4993","1.4506","","1.54%"
"05-01-2009","1.4698","1.4528","1.4739","1.4430","","1.20%"
"02-01-2009","1.4523","1.4717","1.4780","1.4384","","-0.56%"
"01-01-2009","1.4605","1.4633","1.4722","1.4556","","-0.14%"
"31-12-2008","1.4626","1.4434","1.4699","1.4367","","1.32%"
"30-12-2008","1.4435","1.4457","1.4549","1.4388","","-0.39%"
"29-12-2008","1.4491","1.4661","1.4771","1.4419","","-1.06%"
"26-12-2008","1.4646","1.4736","1.4800","1.4648","","-0.01%"
"25-12-2008","1.4648","1.4730","1.4979","1.4648","","-0.68%"
"24-12-2008","1.4748","1.4739","1.4806","1.4659","","-0.16%"
"23-12-2008","1.4772","1.4828","1.4897","1.4673","","-0.42%"
"22-12-2008","1.4835","1.4960","1.4990","1.4686","","-0.60%"
"19-12-2008","1.4925","1.5045","1.5187","1.4812","","-0.67%"
"18-12-2008","1.5026","1.5515","1.5617","1.4894","","-3.12%"
"17-12-2008","1.5510","1.5586","1.5724","1.5247","","-0.60%"
"16-12-2008","1.5603","1.5308","1.5646","1.5204","","1.92%"
"15-12-2008","1.5309","1.4973","1.5380","1.4920","","2.36%"
"12-12-2008","1.4956","1.5021","1.5117","1.4817","","-0.46%"
"11-12-2008","1.5025","1.4785","1.5080","1.4782","","1.62%"
"10-12-2008","1.4786","1.4751","1.4880","1.4736","","0.34%"
"09-12-2008","1.4736","1.4884","1.4906","1.4680","","-1.12%"
"08-12-2008","1.4903","1.4715","1.5047","1.4694","","0.96%"
"05-12-2008","1.4762","1.4682","1.4768","1.4528","","0.65%"
"04-12-2008","1.4667","1.4777","1.4813","1.4471","","-0.70%"
"03-12-2008","1.4770","1.4901","1.4934","1.4665","","-0.91%"
"02-12-2008","1.4905","1.4876","1.5067","1.4781","","0.15%"
"01-12-2008","1.4883","1.5358","1.5377","1.4808","","-3.31%"
"28-11-2008","1.5393","1.5402","1.5448","1.5263","","0.00%"
"27-11-2008","1.5393","1.5330","1.5512","1.5312","","0.29%"
"26-11-2008","1.5349","1.5444","1.5463","1.5180","","-0.73%"
"25-11-2008","1.5462","1.5156","1.5532","1.4984","","2.03%"
"24-11-2008","1.5155","1.4927","1.5183","1.4842","","1.78%"
"21-11-2008","1.4890","1.4729","1.5061","1.4711","","1.11%"
"20-11-2008","1.4727","1.4968","1.4997","1.4718","","-1.57%"
"19-11-2008","1.4962","1.4957","1.5249","1.4905","","-0.03%"
"18-11-2008","1.4967","1.4995","1.5092","1.4901","","-0.23%"
"17-11-2008","1.5001","1.4662","1.5080","1.4652","","1.69%"
"14-11-2008","1.4751","1.4874","1.4957","1.4659","","-0.75%"
"13-11-2008","1.4863","1.4928","1.4990","1.4564","","-0.46%"
"12-11-2008","1.4931","1.5381","1.5480","1.4863","","-2.93%"
"11-11-2008","1.5382","1.5620","1.5702","1.5356","","-1.47%"
"10-11-2008","1.5612","1.5805","1.5884","1.5577","","-0.39%"
"07-11-2008","1.5673","1.5606","1.5873","1.5536","","0.44%"
"06-11-2008","1.5605","1.5883","1.6035","1.5583","","-2.02%"
"05-11-2008","1.5927","1.5947","1.6199","1.5756","","-0.56%"
"04-11-2008","1.6016","1.5792","1.6108","1.5605","","1.13%"
"03-11-2008","1.5837","1.6099","1.6399","1.5753","","-1.44%"
"31-10-2008","1.6068","1.6378","1.6423","1.6008","","-2.23%"
"30-10-2008","1.6435","1.6378","1.6673","1.6214","","0.11%"
"29-10-2008","1.6417","1.6033","1.6470","1.5942","","3.09%"
"28-10-2008","1.5925","1.5543","1.6039","1.5402","","2.52%"
"27-10-2008","1.5533","1.5814","1.5877","1.5280","","-2.45%"
"24-10-2008","1.5923","1.6246","1.6249","1.5270","","-2.44%"
"23-10-2008","1.6321","1.6223","1.6347","1.6051","","0.18%"
"22-10-2008","1.6291","1.6618","1.6658","1.6151","","-2.35%"
"21-10-2008","1.6683","1.7167","1.7200","1.6585","","-2.93%"
"20-10-2008","1.7187","1.7322","1.7518","1.7106","","-0.57%"
"17-10-2008","1.7285","1.7327","1.7383","1.7226","","-0.19%"
"16-10-2008","1.7318","1.7168","1.7354","1.7155","","0.83%"
"15-10-2008","1.7175","1.7405","1.7602","1.7160","","-1.34%"
"14-10-2008","1.7408","1.7428","1.7630","1.7388","","0.07%"
"13-10-2008","1.7395","1.7126","1.7445","1.6936","","2.08%"
"10-10-2008","1.7041","1.7057","1.7178","1.6806","","-0.16%"
"09-10-2008","1.7068","1.7250","1.7396","1.7042","","-1.22%"
"08-10-2008","1.7279","1.7490","1.7654","1.7245","","-1.11%"
"07-10-2008","1.7473","1.7438","1.7655","1.7329","","0.24%"
"06-10-2008","1.7431","1.7671","1.7686","1.7337","","-1.60%"
"03-10-2008","1.7715","1.7643","1.7836","1.7561","","0.36%"
"02-10-2008","1.7652","1.7692","1.7729","1.7555","","-0.33%"
"01-10-2008","1.7710","1.7836","1.7877","1.7636","","-0.66%"
"30-09-2008","1.7828","1.8029","1.8117","1.7759","","-1.34%"
"29-09-2008","1.8071","1.8292","1.8335","1.7963","","-2.03%"
"26-09-2008","1.8445","1.8405","1.8467","1.8336","","0.35%"
"25-09-2008","1.8381","1.8496","1.8672","1.8310","","-0.44%"
"24-09-2008","1.8462","1.8545","1.8607","1.8459","","-0.25%"
"23-09-2008","1.8509","1.8572","1.8633","1.8473","","-0.22%"
"22-09-2008","1.8550","1.8330","1.8643","1.8265","","1.28%"
"19-09-2008","1.8315","1.8148","1.8388","1.7918","","0.86%"
"18-09-2008","1.8158","1.8143","1.8275","1.8094","","0.10%"
"17-09-2008","1.8139","1.7839","1.8244","1.7789","","1.58%"
"16-09-2008","1.7856","1.7961","1.8001","1.7735","","-0.77%"
"15-09-2008","1.7995","1.7989","1.8129","1.7769","","0.28%"
"12-09-2008","1.7945","1.7578","1.7959","1.7547","","1.99%"
"11-09-2008","1.7595","1.7503","1.7606","1.7449","","0.54%"
"10-09-2008","1.7500","1.7594","1.7678","1.7490","","-0.65%"
"09-09-2008","1.7615","1.7592","1.7706","1.7506","","0.23%"
"08-09-2008","1.7575","1.7845","1.7976","1.7472","","-0.46%"
"05-09-2008","1.7657","1.7588","1.7744","1.7540","","0.40%"
"04-09-2008","1.7586","1.7750","1.7858","1.7561","","-0.89%"
"03-09-2008","1.7744","1.7816","1.7836","1.7668","","-0.43%"
"02-09-2008","1.7820","1.7967","1.7976","1.7784","","-1.03%"
"01-09-2008","1.8005","1.8124","1.8129","1.7919","","-1.13%"
"29-08-2008","1.8211","1.8291","1.8343","1.8174","","-0.39%"
"28-08-2008","1.8283","1.8357","1.8405","1.8241","","-0.35%"
"27-08-2008","1.8347","1.8391","1.8489","1.8286","","-0.26%"
"26-08-2008","1.8394","1.8508","1.8511","1.8331","","-0.72%"
"25-08-2008","1.8527","1.8507","1.8590","1.8407","","0.03%"
"22-08-2008","1.8521","1.8768","1.8774","1.8505","","-1.44%"
"21-08-2008","1.8792","1.8625","1.8795","1.8609","","0.95%"
"20-08-2008","1.8616","1.8677","1.8685","1.8539","","-0.32%"
"19-08-2008","1.8676","1.8638","1.8683","1.8539","","0.17%"
"18-08-2008","1.8644","1.8647","1.8723","1.8621","","-0.11%"
"15-08-2008","1.8665","1.8675","1.8682","1.8516","","-0.13%"
"14-08-2008","1.8689","1.8680","1.8788","1.8620","","-0.02%"
"13-08-2008","1.8693","1.8954","1.9038","1.8638","","-1.44%"
"12-08-2008","1.8966","1.9115","1.9123","1.8953","","-0.72%"
"11-08-2008","1.9104","1.9136","1.9256","1.9069","","-0.51%"
"08-08-2008","1.9201","1.9434","1.9437","1.9147","","-1.21%"
"07-08-2008","1.9437","1.9477","1.9538","1.9421","","-0.20%"
"06-08-2008","1.9475","1.9543","1.9593","1.9467","","-0.33%"
"05-08-2008","1.9540","1.9612","1.9618","1.9522","","-0.37%"
"04-08-2008","1.9613","1.9751","1.9760","1.9601","","-0.70%"
"01-08-2008","1.9752","1.9828","1.9841","1.9728","","-0.42%"
"31-07-2008","1.9835","1.9814","1.9928","1.9783","","0.09%"
"30-07-2008","1.9817","1.9800","1.9840","1.9746","","0.12%"
"29-07-2008","1.9794","1.9947","1.9969","1.9763","","-0.73%"
"28-07-2008","1.9940","1.9892","1.9963","1.9841","","0.18%"
"25-07-2008","1.9905","1.9861","1.9980","1.9832","","0.22%"
"24-07-2008","1.9862","1.9977","1.9990","1.9817","","-0.58%"
"23-07-2008","1.9977","1.9913","2.0030","1.9904","","0.36%"
"22-07-2008","1.9906","2.0023","2.0077","1.9899","","-0.62%"
"21-07-2008","2.0030","1.9951","2.0039","1.9908","","0.25%"
"18-07-2008","1.9981","1.9985","1.9998","1.9908","","-0.16%"
"17-07-2008","2.0014","1.9990","2.0072","1.9950","","0.13%"
"16-07-2008","1.9989","2.0054","2.0098","1.9959","","-0.33%"
"15-07-2008","2.0056","1.9950","2.0146","1.9937","","0.58%"
"14-07-2008","1.9940","1.9882","1.9964","1.9816","","0.20%"
"11-07-2008","1.9901","1.9775","1.9960","1.9753","","0.63%"
"10-07-2008","1.9776","1.9823","1.9832","1.9715","","-0.27%"
"09-07-2008","1.9830","1.9695","1.9835","1.9671","","0.70%"
"08-07-2008","1.9693","1.9758","1.9798","1.9667","","-0.32%"
"07-07-2008","1.9756","1.9825","1.9827","1.9651","","-0.36%"
"04-07-2008","1.9827","1.9829","1.9850","1.9797","","-0.01%"
"03-07-2008","1.9828","1.9934","1.9937","1.9801","","-0.50%"
"02-07-2008","1.9927","1.9946","1.9973","1.9845","","-0.10%"
"01-07-2008","1.9947","1.9931","2.0006","1.9889","","0.10%"
"30-06-2008","1.9928","1.9943","1.9967","1.9881","","-0.09%"
"27-06-2008","1.9945","1.9885","1.9953","1.9812","","0.30%"
"26-06-2008","1.9886","1.9747","1.9896","1.9716","","0.72%"
"25-06-2008","1.9743","1.9710","1.9770","1.9659","","0.18%"
"24-06-2008","1.9708","1.9649","1.9724","1.9625","","0.26%"
"23-06-2008","1.9657","1.9751","1.9758","1.9586","","-0.51%"
"20-06-2008","1.9758","1.9723","1.9791","1.9701","","0.19%"
"19-06-2008","1.9720","1.9591","1.9747","1.9584","","0.67%"
"18-06-2008","1.9588","1.9570","1.9612","1.9478","","0.14%"
"17-06-2008","1.9561","1.9634","1.9700","1.9469","","-0.35%"
"16-06-2008","1.9630","1.9483","1.9688","1.9464","","0.85%"
"13-06-2008","1.9465","1.9460","1.9512","1.9410","","0.04%"
"12-06-2008","1.9457","1.9636","1.9641","1.9434","","-0.90%"
"11-06-2008","1.9633","1.9535","1.9668","1.9493","","0.47%"
"10-06-2008","1.9542","1.9736","1.9750","1.9521","","-1.04%"
"09-06-2008","1.9748","1.9706","1.9801","1.9672","","0.25%"
"06-06-2008","1.9698","1.9582","1.9735","1.9538","","0.60%"
"05-06-2008","1.9581","1.9538","1.9598","1.9463","","0.18%"
"04-06-2008","1.9546","1.9620","1.9639","1.9528","","-0.44%"
"03-06-2008","1.9632","1.9652","1.9739","1.9606","","-0.20%"
"02-06-2008","1.9672","1.9758","1.9770","1.9597","","-0.75%"
"30-05-2008","1.9821","1.9753","1.9828","1.9685","","0.27%"
"29-05-2008","1.9767","1.9806","1.9819","1.9675","","-0.16%"
"28-05-2008","1.9798","1.9749","1.9828","1.9705","","0.20%"
"27-05-2008","1.9759","1.9814","1.9848","1.9718","","-0.30%"
"26-05-2008","1.9819","1.9810","1.9833","1.9760","","0.12%"
"23-05-2008","1.9795","1.9803","1.9851","1.9758","","-0.05%"
"22-05-2008","1.9804","1.9717","1.9849","1.9686","","0.45%"
"21-05-2008","1.9716","1.9677","1.9734","1.9616","","0.15%"
"20-05-2008","1.9686","1.9490","1.9719","1.9481","","1.00%"
"19-05-2008","1.9491","1.9573","1.9623","1.9455","","-0.37%"
"16-05-2008","1.9563","1.9480","1.9598","1.9441","","0.45%"
"15-05-2008","1.9475","1.9465","1.9502","1.9405","","0.05%"
"14-05-2008","1.9465","1.9456","1.9474","1.9371","","0.09%"
"13-05-2008","1.9447","1.9551","1.9589","1.9421","","-0.65%"
"12-05-2008","1.9575","1.9513","1.9633","1.9444","","0.22%"
"09-05-2008","1.9532","1.9552","1.9570","1.9462","","-0.08%"
"08-05-2008","1.9548","1.9525","1.9621","1.9503","","0.06%"
"07-05-2008","1.9536","1.9725","1.9729","1.9503","","-1.00%"
"06-05-2008","1.9733","1.9735","1.9772","1.9636","","0.05%"
"05-05-2008","1.9724","1.9736","1.9785","1.9658","","0.07%"
"02-05-2008","1.9710","1.9772","1.9898","1.9707","","-0.23%"
"01-05-2008","1.9755","1.9869","1.9910","1.9713","","-0.54%"
"30-04-2008","1.9862","1.9689","1.9896","1.9625","","0.85%"
"29-04-2008","1.9695","1.9911","1.9914","1.9668","","-1.09%"
"28-04-2008","1.9912","1.9840","1.9966","1.9784","","0.31%"
"25-04-2008","1.9851","1.9725","1.9890","1.9678","","0.56%"
"24-04-2008","1.9740","1.9790","1.9816","1.9689","","-0.28%"
"23-04-2008","1.9796","1.9959","1.9974","1.9773","","-0.78%"
"22-04-2008","1.9951","1.9811","2.0001","1.9746","","0.77%"
"21-04-2008","1.9798","1.9982","2.0026","1.9777","","-0.88%"
"18-04-2008","1.9973","1.9907","1.9998","1.9883","","0.35%"
"17-04-2008","1.9904","1.9723","1.9925","1.9694","","0.87%"
"16-04-2008","1.9732","1.9627","1.9806","1.9606","","0.54%"
"15-04-2008","1.9626","1.9750","1.9765","1.9601","","-0.81%"
"14-04-2008","1.9787","1.9666","1.9893","1.9655","","0.42%"
"11-04-2008","1.9704","1.9723","1.9770","1.9684","","-0.04%"
"10-04-2008","1.9712","1.9743","1.9841","1.9707","","-0.19%"
"09-04-2008","1.9750","1.9679","1.9791","1.9651","","0.34%"
"08-04-2008","1.9684","1.9884","1.9928","1.9660","","-0.98%"
"07-04-2008","1.9879","1.9938","1.9938","1.9837","","-0.25%"
"04-04-2008","1.9928","1.9951","2.0045","1.9912","","-0.18%"
"03-04-2008","1.9963","1.9879","1.9976","1.9763","","0.37%"
"02-04-2008","1.9889","1.9770","1.9899","1.9749","","0.67%"
"01-04-2008","1.9756","1.9831","1.9876","1.9731","","-0.36%"
"31-03-2008","1.9828","1.9951","1.9980","1.9815","","-0.59%"
"28-03-2008","1.9945","2.0066","2.0091","1.9883","","-0.67%"
"27-03-2008","2.0080","2.0072","2.0193","2.0024","","0.03%"
"26-03-2008","2.0074","2.0037","2.0112","1.9927","","0.10%"
"25-03-2008","2.0054","1.9875","2.0067","1.9855","","0.96%"
"24-03-2008","1.9864","1.9803","1.9884","1.9760","","0.21%"
"21-03-2008","1.9823","1.9854","1.9865","1.9812","","-0.22%"
"20-03-2008","1.9866","1.9830","1.9882","1.9738","","0.15%"
"19-03-2008","1.9836","2.0083","2.0149","1.9804","","-1.20%"
"18-03-2008","2.0076","1.9979","2.0275","1.9963","","0.50%"
"17-03-2008","1.9977","2.0181","2.0224","1.9944","","-1.03%"
"14-03-2008","2.0185","2.0322","2.0395","2.0176","","-0.74%"
"13-03-2008","2.0336","2.0270","2.0392","2.0252","","0.33%"
"12-03-2008","2.0269","2.0065","2.0280","2.0056","","1.03%"
"11-03-2008","2.0062","2.0080","2.0208","1.9997","","-0.12%"
"10-03-2008","2.0086","2.0181","2.0219","2.0069","","-0.29%"
"07-03-2008","2.0145","2.0111","2.0213","2.0091","","0.19%"
"06-03-2008","2.0107","1.9917","2.0129","1.9896","","0.94%"
"05-03-2008","1.9919","1.9858","1.9967","1.9724","","0.30%"
"04-03-2008","1.9859","1.9836","1.9892","1.9818","","0.08%"
"03-03-2008","1.9843","1.9864","1.9935","1.9809","","-0.13%"
"29-02-2008","1.9869","1.9899","1.9921","1.9785","","-0.25%"
"28-02-2008","1.9918","1.9820","1.9948","1.9764","","0.54%"
"27-02-2008","1.9812","1.9867","1.9972","1.9800","","-0.24%"
"26-02-2008","1.9859","1.9667","1.9884","1.9644","","0.95%"
"25-02-2008","1.9673","1.9692","1.9702","1.9617","","0.02%"
"22-02-2008","1.9669","1.9636","1.9709","1.9611","","0.19%"
"21-02-2008","1.9632","1.9422","1.9644","1.9409","","1.10%"
"20-02-2008","1.9419","1.9479","1.9503","1.9360","","-0.31%"
"19-02-2008","1.9479","1.9517","1.9543","1.9454","","-0.21%"
"18-02-2008","1.9520","1.9576","1.9639","1.9478","","-0.45%"
"15-02-2008","1.9608","1.9689","1.9723","1.9580","","-0.39%"
"14-02-2008","1.9685","1.9625","1.9739","1.9616","","0.28%"
"13-02-2008","1.9631","1.9600","1.9665","1.9550","","0.08%"
"12-02-2008","1.9615","1.9505","1.9634","1.9445","","0.52%"
"11-02-2008","1.9514","1.9461","1.9528","1.9404","","0.30%"
"08-02-2008","1.9456","1.9424","1.9508","1.9405","","0.14%"
"07-02-2008","1.9428","1.9608","1.9625","1.9389","","-0.86%"
"06-02-2008","1.9597","1.9644","1.9664","1.9555","","-0.16%"
"05-02-2008","1.9629","1.9744","1.9762","1.9607","","-0.50%"
"04-02-2008","1.9728","1.9653","1.9787","1.9640","","0.39%"
"01-02-2008","1.9651","1.9888","1.9940","1.9649","","-1.11%"
"31-01-2008","1.9872","1.9862","1.9945","1.9830","","-0.19%"
"30-01-2008","1.9909","1.9894","1.9959","1.9832","","0.06%"
"29-01-2008","1.9898","1.9844","1.9930","1.9813","","0.29%"
"28-01-2008","1.9840","1.9851","1.9891","1.9730","","0.10%"
"25-01-2008","1.9820","1.9772","1.9849","1.9743","","0.23%"
"24-01-2008","1.9774","1.9567","1.9781","1.9501","","1.06%"
"23-01-2008","1.9566","1.9608","1.9630","1.9465","","-0.24%"
"22-01-2008","1.9613","1.9418","1.9639","1.9337","","0.94%"
"21-01-2008","1.9430","1.9576","1.9579","1.9416","","-0.56%"
"18-01-2008","1.9539","1.9709","1.9726","1.9516","","-0.85%"
"17-01-2008","1.9707","1.9631","1.9793","1.9606","","0.39%"
"16-01-2008","1.9630","1.9600","1.9720","1.9533","","0.02%"
"15-01-2008","1.9627","1.9551","1.9742","1.9532","","0.35%"
"14-01-2008","1.9559","1.9586","1.9648","1.9542","","-0.04%"
"11-01-2008","1.9566","1.9616","1.9635","1.9486","","-0.28%"
"10-01-2008","1.9621","1.9580","1.9664","1.9541","","0.22%"
"09-01-2008","1.9577","1.9722","1.9766","1.9555","","-0.68%"
"08-01-2008","1.9712","1.9685","1.9828","1.9668","","0.13%"
"07-01-2008","1.9687","1.9727","1.9757","1.9655","","-0.13%"
"04-01-2008","1.9712","1.9725","1.9848","1.9675","","0.03%"
"03-01-2008","1.9706","1.9816","1.9840","1.9706","","-0.54%"
"02-01-2008","1.9812","1.9868","1.9895","1.9777","","-0.26%"
"01-01-2008","1.9863","1.9862","1.9885","1.9840","","0.08%"
"31-12-2007","1.9847","1.9966","2.0102","1.9814","","-0.41%"
"28-12-2007","1.9929","1.9955","2.0022","1.9904","","-0.11%"
"27-12-2007","1.9950","1.9841","1.9966","1.9832","","0.58%"
"26-12-2007","1.9834","1.9790","1.9849","1.9771","","0.15%"
"25-12-2007","1.9805","1.9778","1.9843","1.9698","","0.19%"
"24-12-2007","1.9767","1.9837","1.9844","1.9757","","-0.34%"
"21-12-2007","1.9835","1.9835","1.9895","1.9810","","0.05%"
"20-12-2007","1.9825","1.9971","1.9986","1.9810","","-0.75%"
"19-12-2007","1.9975","2.0154","2.0194","1.9930","","-0.83%"
"18-12-2007","2.0143","2.0213","2.0225","2.0112","","-0.36%"
"17-12-2007","2.0216","2.0156","2.0228","2.0101","","0.31%"
"14-12-2007","2.0154","2.0416","2.0449","2.0142","","-1.23%"
"13-12-2007","2.0405","2.0455","2.0484","2.0345","","-0.31%"
"12-12-2007","2.0468","2.0353","2.0569","2.0344","","0.65%"
"11-12-2007","2.0336","2.0454","2.0518","2.0331","","-0.63%"
"10-12-2007","2.0465","2.0321","2.0488","2.0308","","0.74%"
"07-12-2007","2.0314","2.0281","2.0347","2.0222","","0.24%"
"06-12-2007","2.0265","2.0271","2.0312","2.0184","","0.07%"
"05-12-2007","2.0250","2.0584","2.0598","2.0247","","-1.65%"
"04-12-2007","2.0589","2.0656","2.0675","2.0561","","-0.32%"
"03-12-2007","2.0656","2.0563","2.0679","2.0527","","0.41%"
"30-11-2007","2.0571","2.0620","2.0701","2.0534","","-0.19%"
"29-11-2007","2.0611","2.0805","2.0814","2.0594","","-0.94%"
"28-11-2007","2.0806","2.0682","2.0830","2.0584","","0.57%"
"27-11-2007","2.0689","2.0705","2.0758","2.0641","","-0.10%"
"26-11-2007","2.0709","2.0621","2.0739","2.0607","","0.52%"
"23-11-2007","2.0602","2.0617","2.0763","2.0517","","-0.16%"
"22-11-2007","2.0635","2.0642","2.0684","2.0586","","-0.04%"
"21-11-2007","2.0644","2.0668","2.0698","2.0527","","-0.07%"
"20-11-2007","2.0658","2.0493","2.0685","2.0456","","0.82%"
"19-11-2007","2.0489","2.0542","2.0567","2.0452","","-0.19%"
"16-11-2007","2.0528","2.0447","2.0546","2.0355","","0.42%"
"15-11-2007","2.0443","2.0519","2.0620","2.0421","","-0.43%"
"14-11-2007","2.0531","2.0727","2.0844","2.0514","","-0.84%"
"13-11-2007","2.0704","2.0538","2.0762","2.0527","","0.75%"
"12-11-2007","2.0549","2.0856","2.0869","2.0533","","-1.69%"
"09-11-2007","2.0902","2.1073","2.1162","2.0883","","-0.83%"
"08-11-2007","2.1076","2.1010","2.1117","2.0978","","0.24%"
"07-11-2007","2.1025","2.0875","2.1069","2.0865","","0.73%"
"06-11-2007","2.0873","2.0806","2.0904","2.0804","","0.36%"
"05-11-2007","2.0799","2.0883","2.0896","2.0782","","-0.47%"
"02-11-2007","2.0898","2.0784","2.0909","2.0764","","0.51%"
"01-11-2007","2.0792","2.0803","2.0874","2.0755","","-0.10%"
"31-10-2007","2.0813","2.0681","2.0823","2.0670","","0.72%"
"30-10-2007","2.0665","2.0620","2.0702","2.0567","","0.16%"
"29-10-2007","2.0633","2.0538","2.0643","2.0530","","0.51%"
"26-10-2007","2.0528","2.0518","2.0574","2.0480","","0.08%"
"25-10-2007","2.0512","2.0496","2.0549","2.0453","","0.09%"
"24-10-2007","2.0494","2.0505","2.0515","2.0429","","-0.05%"
"23-10-2007","2.0505","2.0325","2.0519","2.0314","","0.95%"
"22-10-2007","2.0313","2.0521","2.0534","2.0259","","-1.01%"
"19-10-2007","2.0521","2.0438","2.0527","2.0409","","0.37%"
"18-10-2007","2.0446","2.0398","2.0512","2.0382","","0.25%"
"17-10-2007","2.0394","2.0319","2.0421","2.0288","","0.38%"
"16-10-2007","2.0316","2.0423","2.0437","2.0296","","-0.54%"
"15-10-2007","2.0426","2.0349","2.0438","2.0320","","0.27%"
"12-10-2007","2.0371","2.0332","2.0373","2.0247","","0.27%"
"11-10-2007","2.0317","2.0407","2.0424","2.0311","","-0.52%"
"10-10-2007","2.0423","2.0379","2.0475","2.0370","","0.21%"
"09-10-2007","2.0380","2.0363","2.0395","2.0259","","0.04%"
"08-10-2007","2.0371","2.0420","2.0428","2.0332","","-0.26%"
"05-10-2007","2.0424","2.0388","2.0443","2.0304","","0.17%"
"04-10-2007","2.0390","2.0325","2.0428","2.0278","","0.37%"
"03-10-2007","2.0315","2.0409","2.0443","2.0310","","-0.46%"
"02-10-2007","2.0409","2.0438","2.0445","2.0370","","-0.12%"
"01-10-2007","2.0434","2.0462","2.0494","2.0378","","-0.17%"
"28-09-2007","2.0469","2.0271","2.0490","2.0198","","0.99%"
"27-09-2007","2.0268","2.0156","2.0290","2.0138","","0.55%"
"26-09-2007","2.0158","2.0182","2.0206","2.0105","","-0.13%"
"25-09-2007","2.0185","2.0214","2.0224","2.0084","","-0.20%"
"24-09-2007","2.0225","2.0205","2.0321","2.0199","","0.15%"
"21-09-2007","2.0195","2.0096","2.0214","2.0082","","0.48%"
"20-09-2007","2.0098","2.0009","2.0146","1.9974","","0.48%"
"19-09-2007","2.0002","2.0121","2.0174","1.9952","","-0.59%"
"18-09-2007","2.0120","1.9937","2.0152","1.9880","","0.89%"
"17-09-2007","1.9942","2.0060","2.0094","1.9916","","-0.72%"
"14-09-2007","2.0086","2.0202","2.0225","2.0055","","-0.66%"
"13-09-2007","2.0220","2.0282","2.0347","2.0188","","-0.33%"
"12-09-2007","2.0287","2.0329","2.0367","2.0278","","-0.17%"
"11-09-2007","2.0322","2.0275","2.0338","2.0236","","0.26%"
"10-09-2007","2.0270","2.0285","2.0331","2.0263","","-0.13%"
"07-09-2007","2.0297","2.0231","2.0323","2.0165","","0.32%"
"06-09-2007","2.0233","2.0200","2.0267","2.0142","","0.19%"
"05-09-2007","2.0195","2.0145","2.0228","2.0043","","0.33%"
"04-09-2007","2.0128","2.0178","2.0196","2.0077","","-0.25%"
"03-09-2007","2.0178","2.0161","2.0214","2.0138","","0.07%"
"31-08-2007","2.0164","2.0143","2.0233","2.0111","","0.13%"
"30-08-2007","2.0137","2.0166","2.0185","2.0046","","-0.19%"
"29-08-2007","2.0175","2.0000","2.0182","1.9963","","0.79%"
"28-08-2007","2.0016","2.0101","2.0141","1.9987","","-0.47%"
"27-08-2007","2.0110","2.0156","2.0194","2.0096","","-0.18%"
"24-08-2007","2.0146","2.0053","2.0163","1.9981","","0.47%"
"23-08-2007","2.0051","1.9933","2.0094","1.9919","","0.62%"
"22-08-2007","1.9927","1.9825","1.9945","1.9807","","0.59%"
"21-08-2007","1.9811","1.9875","1.9898","1.9745","","-0.32%"
"20-08-2007","1.9874","1.9794","1.9903","1.9771","","0.36%"
"17-08-2007","1.9803","1.9836","1.9937","1.9654","","-0.14%"
"16-08-2007","1.9831","1.9869","1.9890","1.9772","","-0.18%"
"15-08-2007","1.9866","1.9961","1.9965","1.9856","","-0.50%"
"14-08-2007","1.9965","2.0118","2.0133","1.9956","","-0.78%"
"13-08-2007","2.0121","2.0216","2.0259","2.0085","","-0.57%"
"10-08-2007","2.0236","2.0227","2.0270","2.0156","","0.02%"
"09-08-2007","2.0231","2.0360","2.0395","2.0210","","-0.66%"
"08-08-2007","2.0366","2.0228","2.0399","2.0157","","0.74%"
"07-08-2007","2.0216","2.0311","2.0337","2.0190","","-0.46%"
"06-08-2007","2.0310","2.0409","2.0463","2.0280","","-0.41%"
"03-08-2007","2.0394","2.0364","2.0462","2.0339","","0.12%"
"02-08-2007","2.0369","2.0312","2.0380","2.0282","","0.28%"
"01-08-2007","2.0313","2.0293","2.0351","2.0206","","0.14%"
"31-07-2007","2.0285","2.0277","2.0379","2.0255","","0.23%"
"30-07-2007","2.0238","2.0210","2.0302","2.0195","","-0.02%"
"27-07-2007","2.0242","2.0471","2.0496","2.0232","","-1.11%"
"26-07-2007","2.0470","2.0540","2.0560","2.0426","","-0.32%"
"25-07-2007","2.0536","2.0615","2.0620","2.0486","","-0.40%"
"24-07-2007","2.0619","2.0591","2.0655","2.0588","","0.15%"
"23-07-2007","2.0588","2.0554","2.0603","2.0553","","0.15%"
"20-07-2007","2.0558","2.0489","2.0588","2.0481","","0.32%"
"19-07-2007","2.0492","2.0530","2.0541","2.0470","","-0.17%"
"18-07-2007","2.0526","2.0480","2.0549","2.0462","","0.29%"
"17-07-2007","2.0466","2.0363","2.0484","2.0349","","0.53%"
"16-07-2007","2.0359","2.0337","2.0407","2.0326","","0.08%"
"13-07-2007","2.0342","2.0293","2.0367","2.0263","","0.20%"
"12-07-2007","2.0302","2.0315","2.0365","2.0271","","-0.10%"
"11-07-2007","2.0322","2.0268","2.0363","2.0245","","0.28%"
"10-07-2007","2.0266","2.0157","2.0281","2.0123","","0.58%"
"09-07-2007","2.0149","2.0116","2.0172","2.0098","","0.23%"
"06-07-2007","2.0103","2.0112","2.0142","2.0060","","-0.05%"
"05-07-2007","2.0113","2.0164","2.0203","2.0088","","-0.27%"
"04-07-2007","2.0167","2.0164","2.0208","2.0150","","0.01%"
"03-07-2007","2.0164","2.0174","2.0197","2.0134","","-0.03%"
"02-07-2007","2.0170","2.0081","2.0186","2.0072","","0.39%"
"29-06-2007","2.0092","2.0023","2.0099","2.0009","","0.32%"
"28-06-2007","2.0027","1.9995","2.0045","1.9975","","0.15%"
"27-06-2007","1.9997","1.9984","2.0002","1.9930","","0.05%"
"26-06-2007","1.9987","1.9980","2.0016","1.9960","","0.05%"
"25-06-2007","1.9977","1.9990","2.0008","1.9958","","-0.07%"
"22-06-2007","1.9991","1.9921","1.9997","1.9913","","0.31%"
"21-06-2007","1.9930","1.9927","1.9942","1.9889","","0.00%"
"20-06-2007","1.9930","1.9879","1.9949","1.9871","","0.26%"
"19-06-2007","1.9879","1.9836","1.9891","1.9826","","0.24%"
"18-06-2007","1.9831","1.9768","1.9845","1.9759","","0.37%"
"15-06-2007","1.9757","1.9696","1.9781","1.9689","","0.31%"
"14-06-2007","1.9696","1.9728","1.9737","1.9658","","-0.16%"
"13-06-2007","1.9728","1.9742","1.9764","1.9676","","-0.07%"
"12-06-2007","1.9741","1.9694","1.9785","1.9689","","0.26%"
"11-06-2007","1.9690","1.9681","1.9703","1.9651","","-0.04%"
"08-06-2007","1.9698","1.9781","1.9794","1.9623","","-0.40%"
"07-06-2007","1.9778","1.9925","1.9943","1.9747","","-0.72%"
"06-06-2007","1.9922","1.9931","1.9959","1.9910","","-0.04%"
"05-06-2007","1.9930","1.9914","1.9968","1.9911","","0.08%"
"04-06-2007","1.9915","1.9823","1.9927","1.9815","","0.48%"
"01-06-2007","1.9819","1.9799","1.9828","1.9767","","0.07%"
"31-05-2007","1.9805","1.9761","1.9819","1.9738","","0.24%"
"30-05-2007","1.9757","1.9812","1.9833","1.9735","","-0.26%"
"29-05-2007","1.9809","1.9833","1.9900","1.9792","","-0.12%"
"28-05-2007","1.9832","1.9838","1.9850","1.9825","","-0.01%"
"25-05-2007","1.9834","1.9850","1.9881","1.9825","","-0.03%"
"24-05-2007","1.9840","1.9864","1.9890","1.9832","","-0.11%"
"23-05-2007","1.9862","1.9745","1.9895","1.9717","","0.58%"
"22-05-2007","1.9748","1.9711","1.9769","1.9703","","0.21%"
"21-05-2007","1.9707","1.9749","1.9754","1.9678","","-0.18%"
"18-05-2007","1.9743","1.9749","1.9778","1.9700","","-0.02%"
"17-05-2007","1.9747","1.9774","1.9791","1.9734","","-0.13%"
"16-05-2007","1.9773","1.9855","1.9874","1.9758","","-0.43%"
"15-05-2007","1.9859","1.9796","1.9872","1.9749","","0.34%"
"14-05-2007","1.9791","1.9830","1.9848","1.9781","","-0.08%"
"11-05-2007","1.9806","1.9785","1.9846","1.9762","","0.02%"
"10-05-2007","1.9802","1.9935","1.9964","1.9771","","-0.71%"
"09-05-2007","1.9943","1.9893","1.9999","1.9882","","0.27%"
"08-05-2007","1.9889","1.9930","1.9964","1.9880","","-0.18%"
"07-05-2007","1.9924","1.9938","1.9977","1.9926","","0.04%"
"04-05-2007","1.9917","1.9876","1.9943","1.9845","","0.19%"
"03-05-2007","1.9880","1.9895","1.9947","1.9856","","-0.06%"
"02-05-2007","1.9891","1.9987","1.9992","1.9874","","-0.49%"
"01-05-2007","1.9989","1.9998","2.0075","1.9980","","0.01%"
"30-04-2007","1.9988","1.9948","2.0031","1.9892","","0.05%"
"27-04-2007","1.9978","1.9907","2.0042","1.9866","","0.35%"
"26-04-2007","1.9909","2.0023","2.0062","1.9894","","-0.54%"
"25-04-2007","2.0017","2.0019","2.0063","2.0007","","-0.01%"
"24-04-2007","2.0019","2.0011","2.0046","1.9955","","0.14%"
"23-04-2007","1.9992","2.0046","2.0050","1.9976","","-0.15%"
"20-04-2007","2.0023","2.0030","2.0069","1.9993","","0.00%"
"19-04-2007","2.0024","2.0087","2.0093","1.9985","","-0.29%"
"18-04-2007","2.0082","2.0071","2.0134","2.0018","","0.02%"
"17-04-2007","2.0078","1.9891","2.0085","1.9883","","0.90%"
"16-04-2007","1.9898","1.9874","1.9940","1.9864","","0.16%"
"13-04-2007","1.9866","1.9793","1.9888","1.9784","","0.36%"
"12-04-2007","1.9794","1.9754","1.9811","1.9726","","0.24%"
"11-04-2007","1.9747","1.9721","1.9771","1.9711","","0.13%"
"10-04-2007","1.9722","1.9621","1.9752","1.9615","","0.51%"
"09-04-2007","1.9621","1.9651","1.9655","1.9592","","-0.15%"
"06-04-2007","1.9651","1.9710","1.9723","1.9636","","-0.25%"
"05-04-2007","1.9701","1.9761","1.9774","1.9672","","-0.30%"
"04-04-2007","1.9760","1.9738","1.9776","1.9717","","0.07%"
"03-04-2007","1.9746","1.9776","1.9823","1.9730","","-0.15%"
"02-04-2007","1.9776","1.9685","1.9802","1.9664","","0.49%"
"30-03-2007","1.9679","1.9623","1.9717","1.9546","","0.28%"
"29-03-2007","1.9625","1.9624","1.9659","1.9616","","0.07%"
"28-03-2007","1.9612","1.9654","1.9681","1.9600","","-0.18%"
"27-03-2007","1.9648","1.9691","1.9701","1.9621","","-0.24%"
"26-03-2007","1.9696","1.9604","1.9724","1.9577","","0.39%"
"23-03-2007","1.9619","1.9647","1.9690","1.9588","","-0.14%"
"22-03-2007","1.9646","1.9683","1.9727","1.9613","","-0.16%"
"21-03-2007","1.9678","1.9616","1.9696","1.9557","","0.34%"
"20-03-2007","1.9611","1.9455","1.9625","1.9433","","0.87%"
"19-03-2007","1.9441","1.9412","1.9473","1.9393","","0.15%"
"16-03-2007","1.9411","1.9375","1.9505","1.9360","","0.23%"
"15-03-2007","1.9367","1.9369","1.9392","1.9309","","0.08%"
"14-03-2007","1.9352","1.9289","1.9384","1.9213","","0.36%"
"13-03-2007","1.9283","1.9325","1.9355","1.9272","","-0.23%"
"12-03-2007","1.9328","1.9354","1.9434","1.9255","","0.07%"
"09-03-2007","1.9314","1.9290","1.9341","1.9271","","0.18%"
"08-03-2007","1.9280","1.9312","1.9354","1.9273","","-0.22%"
"07-03-2007","1.9322","1.9334","1.9361","1.9260","","0.08%"
"06-03-2007","1.9307","1.9205","1.9341","1.9191","","0.47%"
"05-03-2007","1.9217","1.9388","1.9397","1.9184","","-1.10%"
"02-03-2007","1.9431","1.9579","1.9585","1.9413","","-0.79%"
"01-03-2007","1.9586","1.9639","1.9653","1.9557","","-0.26%"
"28-02-2007","1.9638","1.9624","1.9649","1.9521","","0.14%"
"27-02-2007","1.9610","1.9635","1.9673","1.9593","","-0.11%"
"26-02-2007","1.9632","1.9642","1.9661","1.9609","","0.00%"
"23-02-2007","1.9632","1.9565","1.9653","1.9538","","0.37%"
"22-02-2007","1.9560","1.9540","1.9602","1.9463","","0.09%"
"21-02-2007","1.9543","1.9557","1.9591","1.9488","","-0.05%"
"20-02-2007","1.9553","1.9511","1.9577","1.9480","","0.21%"
"19-02-2007","1.9512","1.9537","1.9565","1.9434","","0.05%"
"16-02-2007","1.9503","1.9514","1.9540","1.9467","","-0.12%"
"15-02-2007","1.9527","1.9634","1.9677","1.9511","","-0.49%"
"14-02-2007","1.9624","1.9465","1.9646","1.9455","","0.80%"
"13-02-2007","1.9469","1.9475","1.9526","1.9402","","-0.06%"
"12-02-2007","1.9480","1.9509","1.9568","1.9441","","-0.11%"
"09-02-2007","1.9501","1.9585","1.9603","1.9458","","-0.39%"
"08-02-2007","1.9578","1.9709","1.9731","1.9545","","-0.62%"
"07-02-2007","1.9700","1.9710","1.9732","1.9675","","-0.03%"
"06-02-2007","1.9706","1.9606","1.9722","1.9589","","0.56%"
"05-02-2007","1.9597","1.9664","1.9670","1.9539","","-0.36%"
"02-02-2007","1.9667","1.9669","1.9747","1.9641","","-0.03%"
"01-02-2007","1.9673","1.9645","1.9734","1.9622","","0.18%"
"31-01-2007","1.9637","1.9623","1.9668","1.9482","","0.05%"
"30-01-2007","1.9627","1.9610","1.9696","1.9599","","0.17%"
"29-01-2007","1.9594","1.9607","1.9617","1.9549","","-0.02%"
"26-01-2007","1.9598","1.9648","1.9680","1.9561","","-0.20%"
"25-01-2007","1.9637","1.9684","1.9733","1.9626","","-0.21%"
"24-01-2007","1.9679","1.9818","1.9833","1.9646","","-0.70%"
"23-01-2007","1.9818","1.9765","1.9918","1.9760","","0.29%"
"22-01-2007","1.9760","1.9741","1.9787","1.9718","","0.12%"
"19-01-2007","1.9737","1.9742","1.9771","1.9697","","-0.02%"
"18-01-2007","1.9741","1.9703","1.9780","1.9638","","0.23%"
"17-01-2007","1.9696","1.9612","1.9725","1.9604","","0.43%"
"16-01-2007","1.9611","1.9645","1.9699","1.9592","","-0.21%"
"15-01-2007","1.9652","1.9596","1.9671","1.9571","","0.34%"
"12-01-2007","1.9586","1.9447","1.9609","1.9428","","0.65%"
"11-01-2007","1.9459","1.9325","1.9538","1.9320","","0.74%"
"10-01-2007","1.9316","1.9393","1.9423","1.9317","","-0.40%"
"09-01-2007","1.9393","1.9390","1.9457","1.9381","","0.10%"
"08-01-2007","1.9374","1.9302","1.9405","1.9261","","0.39%"
"05-01-2007","1.9299","1.9430","1.9440","1.9265","","-0.66%"
"04-01-2007","1.9428","1.9516","1.9532","1.9399","","-0.39%"
"03-01-2007","1.9505","1.9734","1.9752","1.9484","","-1.16%"
"02-01-2007","1.9733","1.9611","1.9743","1.9610","","0.76%"
"01-01-2007","1.9584","1.9591","1.9618","1.9581","","-0.02%"
"29-12-2006","1.9588","1.9624","1.9672","1.9568","","-0.18%"
"28-12-2006","1.9623","1.9566","1.9678","1.9556","","0.29%"
"27-12-2006","1.9567","1.9548","1.9632","1.9529","","0.13%"
"26-12-2006","1.9541","1.9602","1.9608","1.9515","","-0.36%"
"25-12-2006","1.9611","1.9599","1.9686","1.9559","","0.08%"
"22-12-2006","1.9595","1.9619","1.9683","1.9561","","-0.06%"
"21-12-2006","1.9607","1.9652","1.9698","1.9559","","-0.21%"
"20-12-2006","1.9649","1.9698","1.9749","1.9620","","-0.17%"
"19-12-2006","1.9683","1.9481","1.9709","1.9470","","1.05%"
"18-12-2006","1.9478","1.9527","1.9580","1.9436","","-0.21%"
"15-12-2006","1.9519","1.9611","1.9664","1.9501","","-0.48%"
"14-12-2006","1.9614","1.9672","1.9712","1.9580","","-0.30%"
"13-12-2006","1.9673","1.9709","1.9730","1.9608","","-0.17%"
"12-12-2006","1.9707","1.9585","1.9716","1.9575","","0.71%"
"11-12-2006","1.9568","1.9526","1.9603","1.9467","","0.17%"
"08-12-2006","1.9535","1.9631","1.9727","1.9518","","-0.54%"
"07-12-2006","1.9641","1.9661","1.9712","1.9612","","-0.13%"
"06-12-2006","1.9666","1.9732","1.9741","1.9621","","-0.36%"
"05-12-2006","1.9737","1.9808","1.9815","1.9680","","-0.28%"
"04-12-2006","1.9792","1.9785","1.9832","1.9726","","-0.01%"
"01-12-2006","1.9793","1.9667","1.9848","1.9638","","0.72%"
"30-11-2006","1.9651","1.9462","1.9700","1.9450","","1.01%"
"29-11-2006","1.9455","1.9526","1.9547","1.9436","","-0.36%"
"28-11-2006","1.9526","1.9378","1.9539","1.9368","","0.78%"
"27-11-2006","1.9374","1.9431","1.9438","1.9311","","0.30%"
"24-11-2006","1.9316","1.9158","1.9351","1.9147","","0.85%"
"23-11-2006","1.9153","1.9147","1.9171","1.9130","","0.03%"
"22-11-2006","1.9148","1.8991","1.9168","1.8988","","0.82%"
"21-11-2006","1.8992","1.8975","1.9005","1.8961","","0.15%"
"20-11-2006","1.8964","1.8947","1.8989","1.8933","","0.05%"
"17-11-2006","1.8955","1.8880","1.8967","1.8837","","0.37%"
"16-11-2006","1.8886","1.8892","1.8933","1.8851","","-0.01%"
"15-11-2006","1.8888","1.8958","1.8970","1.8838","","-0.37%"
"14-11-2006","1.8959","1.9030","1.9052","1.8926","","-0.26%"
"13-11-2006","1.9008","1.9110","1.9154","1.8997","","-0.54%"
"10-11-2006","1.9112","1.9059","1.9180","1.9057","","0.35%"
"09-11-2006","1.9046","1.9051","1.9085","1.8976","","-0.02%"
"08-11-2006","1.9049","1.9057","1.9097","1.9009","","-0.03%"
"07-11-2006","1.9054","1.8978","1.9124","1.8977","","0.44%"
"06-11-2006","1.8970","1.9022","1.9029","1.8950","","-0.21%"
"03-11-2006","1.9009","1.9082","1.9117","1.8977","","-0.38%"
"02-11-2006","1.9082","1.9080","1.9106","1.9034","","0.00%"
"01-11-2006","1.9082","1.9077","1.9138","1.9056","","0.04%"
"31-10-2006","1.9074","1.9004","1.9101","1.8959","","0.27%"
"30-10-2006","1.9022","1.8964","1.9044","1.8956","","0.18%"
"27-10-2006","1.8988","1.8894","1.9003","1.8872","","0.43%"
"26-10-2006","1.8907","1.8782","1.8926","1.8781","","0.69%"
"25-10-2006","1.8778","1.8726","1.8801","1.8723","","0.25%"
"24-10-2006","1.8731","1.8726","1.8771","1.8675","","-0.01%"
"23-10-2006","1.8732","1.8829","1.8832","1.8687","","-0.56%"
"20-10-2006","1.8838","1.8773","1.8861","1.8757","","0.34%"
"19-10-2006","1.8775","1.8679","1.8801","1.8666","","0.52%"
"18-10-2006","1.8678","1.8699","1.8740","1.8664","","-0.13%"
"17-10-2006","1.8703","1.8616","1.8737","1.8609","","0.49%"
"16-10-2006","1.8611","1.8550","1.8648","1.8524","","0.29%"
"13-10-2006","1.8558","1.8590","1.8637","1.8536","","-0.18%"
"12-10-2006","1.8591","1.8544","1.8613","1.8537","","0.29%"
"11-10-2006","1.8537","1.8538","1.8589","1.8519","","-0.04%"
"10-10-2006","1.8544","1.8668","1.8703","1.8527","","-0.70%"
"09-10-2006","1.8674","1.8699","1.8715","1.8636","","-0.13%"
"06-10-2006","1.8699","1.8789","1.8862","1.8674","","-0.48%"
"05-10-2006","1.8789","1.8867","1.8871","1.8751","","-0.40%"
"04-10-2006","1.8864","1.8871","1.8885","1.8780","","-0.06%"
"03-10-2006","1.8875","1.8865","1.8902","1.8856","","0.03%"
"02-10-2006","1.8869","1.8735","1.8878","1.8677","","0.79%"
"29-09-2006","1.8721","1.8756","1.8781","1.8634","","-0.23%"
"28-09-2006","1.8765","1.8896","1.8918","1.8725","","-0.67%"
"27-09-2006","1.8891","1.8951","1.8962","1.8854","","-0.27%"
"26-09-2006","1.8943","1.9008","1.9029","1.8932","","-0.30%"
"25-09-2006","1.9000","1.9008","1.9074","1.8983","","0.03%"
"22-09-2006","1.8995","1.9025","1.9063","1.8991","","-0.11%"
"21-09-2006","1.9015","1.8883","1.9034","1.8873","","0.75%"
"20-09-2006","1.8874","1.8813","1.8931","1.8805","","0.33%"
"19-09-2006","1.8812","1.8810","1.8887","1.8773","","0.05%"
"18-09-2006","1.8802","1.8786","1.8841","1.8736","","0.02%"
"15-09-2006","1.8798","1.8860","1.8883","1.8755","","-0.40%"
"14-09-2006","1.8873","1.8774","1.8919","1.8756","","0.58%"
"13-09-2006","1.8765","1.8736","1.8782","1.8712","","0.14%"
"12-09-2006","1.8739","1.8658","1.8772","1.8643","","0.47%"
"11-09-2006","1.8652","1.8663","1.8707","1.8603","","-0.02%"
"08-09-2006","1.8656","1.8760","1.8767","1.8629","","-0.53%"
"07-09-2006","1.8755","1.8855","1.8872","1.8708","","-0.45%"
"06-09-2006","1.8840","1.8937","1.8957","1.8795","","-0.53%"
"05-09-2006","1.8941","1.9058","1.9061","1.8914","","-0.66%"
"04-09-2006","1.9066","1.9065","1.9082","1.9030","","-0.02%"
"01-09-2006","1.9069","1.9038","1.9075","1.8959","","0.14%"
"31-08-2006","1.9042","1.9042","1.9093","1.8995","","-0.05%"
"30-08-2006","1.9052","1.8984","1.9061","1.8966","","0.35%"
"29-08-2006","1.8986","1.8943","1.9028","1.8899","","0.28%"
"28-08-2006","1.8933","1.8872","1.8990","1.8864","","0.36%"
"25-08-2006","1.8865","1.8877","1.8915","1.8831","","-0.05%"
"24-08-2006","1.8874","1.8927","1.8972","1.8860","","-0.30%"
"23-08-2006","1.8930","1.8875","1.8998","1.8866","","0.23%"
"22-08-2006","1.8886","1.8920","1.8950","1.8856","","-0.26%"
"21-08-2006","1.8936","1.8819","1.8998","1.8818","","0.58%"
"18-08-2006","1.8827","1.8857","1.8870","1.8777","","-0.14%"
"17-08-2006","1.8854","1.8964","1.9010","1.8821","","-0.56%"
"16-08-2006","1.8960","1.8939","1.9024","1.8881","","0.12%"
"15-08-2006","1.8938","1.8889","1.8978","1.8854","","0.30%"
"14-08-2006","1.8881","1.8914","1.8953","1.8844","","-0.10%"
"11-08-2006","1.8900","1.8940","1.8988","1.8888","","-0.18%"
"10-08-2006","1.8934","1.9051","1.9089","1.8869","","-0.58%"
"09-08-2006","1.9044","1.9037","1.9112","1.8973","","-0.16%"
"08-08-2006","1.9074","1.9053","1.9144","1.9006","","0.07%"
"07-08-2006","1.9060","1.9077","1.9115","1.9043","","-0.08%"
"04-08-2006","1.9075","1.8873","1.9128","1.8853","","1.06%"
"03-08-2006","1.8874","1.8771","1.8915","1.8701","","0.56%"
"02-08-2006","1.8768","1.8764","1.8795","1.8732","","0.03%"
"01-08-2006","1.8763","1.8679","1.8769","1.8627","","0.48%"
"31-07-2006","1.8673","1.8636","1.8690","1.8618","","0.17%"
"28-07-2006","1.8642","1.8575","1.8666","1.8544","","0.36%"
"27-07-2006","1.8575","1.8541","1.8676","1.8528","","0.18%"
"26-07-2006","1.8542","1.8407","1.8551","1.8391","","0.81%"
"25-07-2006","1.8393","1.8501","1.8537","1.8386","","-0.65%"
"24-07-2006","1.8513","1.8589","1.8592","1.8482","","-0.42%"
"21-07-2006","1.8591","1.8481","1.8599","1.8469","","0.61%"
"20-07-2006","1.8479","1.8422","1.8519","1.8420","","0.35%"
"19-07-2006","1.8415","1.8255","1.8443","1.8230","","0.85%"
"18-07-2006","1.8260","1.8199","1.8331","1.8185","","0.41%"
"17-07-2006","1.8186","1.8376","1.8387","1.8177","","-1.09%"
"14-07-2006","1.8386","1.8434","1.8450","1.8339","","-0.27%"
"13-07-2006","1.8435","1.8340","1.8468","1.8332","","0.50%"
"12-07-2006","1.8344","1.8448","1.8480","1.8312","","-0.62%"
"11-07-2006","1.8459","1.8423","1.8474","1.8368","","0.25%"
"10-07-2006","1.8413","1.8503","1.8522","1.8369","","-0.48%"
"07-07-2006","1.8502","1.8375","1.8539","1.8355","","0.77%"
"06-07-2006","1.8361","1.8349","1.8409","1.8334","","0.13%"
"05-07-2006","1.8337","1.8439","1.8488","1.8326","","-0.60%"
"04-07-2006","1.8447","1.8427","1.8481","1.8419","","0.14%"
"03-07-2006","1.8421","1.8475","1.8489","1.8385","","-0.29%"
"30-06-2006","1.8475","1.8275","1.8499","1.8272","","1.10%"
"29-06-2006","1.8274","1.8181","1.8298","1.8092","","0.47%"
"28-06-2006","1.8188","1.8218","1.8242","1.8144","","-0.18%"
"27-06-2006","1.8220","1.8244","1.8265","1.8186","","-0.11%"
"26-06-2006","1.8240","1.8195","1.8253","1.8163","","0.32%"
"23-06-2006","1.8181","1.8282","1.8313","1.8131","","-0.57%"
"22-06-2006","1.8285","1.8458","1.8469","1.8264","","-0.91%"
"21-06-2006","1.8453","1.8437","1.8474","1.8410","","0.18%"
"20-06-2006","1.8419","1.8406","1.8460","1.8373","","0.04%"
"19-06-2006","1.8412","1.8520","1.8528","1.8370","","-0.49%"
"16-06-2006","1.8503","1.8500","1.8562","1.8470","","0.06%"
"15-06-2006","1.8491","1.8438","1.8547","1.8420","","0.34%"
"14-06-2006","1.8429","1.8346","1.8499","1.8334","","0.54%"
"13-06-2006","1.8330","1.8413","1.8454","1.8317","","-0.46%"
"12-06-2006","1.8415","1.8388","1.8470","1.8380","","0.02%"
"09-06-2006","1.8411","1.8436","1.8485","1.8369","","-0.16%"
"08-06-2006","1.8441","1.8570","1.8577","1.8372","","-0.61%"
"07-06-2006","1.8554","1.8608","1.8648","1.8532","","-0.22%"
"06-06-2006","1.8595","1.8721","1.8774","1.8591","","-0.69%"
"05-06-2006","1.8725","1.8839","1.8880","1.8709","","-0.49%"
"02-06-2006","1.8818","1.8662","1.8861","1.8610","","0.88%"
"01-06-2006","1.8653","1.8711","1.8720","1.8567","","-0.22%"
"31-05-2006","1.8695","1.8824","1.8854","1.8687","","-0.80%"
"30-05-2006","1.8845","1.8588","1.8867","1.8581","","1.34%"
"29-05-2006","1.8595","1.8586","1.8644","1.8566","","0.02%"
"26-05-2006","1.8592","1.8750","1.8763","1.8531","","-0.74%"
"25-05-2006","1.8731","1.8693","1.8763","1.8668","","0.31%"
"24-05-2006","1.8674","1.8794","1.8862","1.8654","","-0.65%"
"23-05-2006","1.8796","1.8857","1.8886","1.8762","","-0.38%"
"22-05-2006","1.8867","1.8769","1.8888","1.8634","","0.48%"
"19-05-2006","1.8777","1.8955","1.8957","1.8703","","-0.92%"
"18-05-2006","1.8952","1.8814","1.8962","1.8799","","0.70%"
"17-05-2006","1.8821","1.8873","1.9025","1.8777","","-0.31%"
"16-05-2006","1.8880","1.8788","1.8897","1.8749","","0.46%"
"15-05-2006","1.8793","1.8978","1.8997","1.8760","","-0.74%"
"12-05-2006","1.8933","1.8833","1.8996","1.8823","","0.61%"
"11-05-2006","1.8819","1.8618","1.8862","1.8532","","0.94%"
"10-05-2006","1.8643","1.8666","1.8733","1.8593","","-0.14%"
"09-05-2006","1.8670","1.8581","1.8689","1.8515","","0.50%"
"08-05-2006","1.8578","1.8625","1.8689","1.8550","","-0.07%"
"05-05-2006","1.8591","1.8522","1.8624","1.8474","","0.38%"
"04-05-2006","1.8521","1.8415","1.8550","1.8336","","0.49%"
"03-05-2006","1.8430","1.8381","1.8477","1.8357","","0.16%"
"02-05-2006","1.8401","1.8236","1.8427","1.8208","","0.79%"
"01-05-2006","1.8256","1.8240","1.8415","1.8206","","0.02%"
"28-04-2006","1.8253","1.8015","1.8271","1.8001","","1.33%"
"27-04-2006","1.8014","1.7846","1.8046","1.7823","","0.98%"
"26-04-2006","1.7840","1.7878","1.7910","1.7802","","-0.20%"
"25-04-2006","1.7875","1.7863","1.7943","1.7827","","-0.03%"
"24-04-2006","1.7881","1.7872","1.7931","1.7795","","0.37%"
"21-04-2006","1.7815","1.7785","1.7846","1.7760","","0.18%"
"20-04-2006","1.7783","1.7918","1.7918","1.7756","","-0.79%"
"19-04-2006","1.7925","1.7830","1.7936","1.7796","","0.54%"
"18-04-2006","1.7828","1.7704","1.7842","1.7680","","0.73%"
"17-04-2006","1.7699","1.7545","1.7748","1.7544","","1.08%"
"14-04-2006","1.7510","1.7522","1.7533","1.7491","","-0.09%"
"13-04-2006","1.7525","1.7499","1.7564","1.7484","","0.14%"
"12-04-2006","1.7501","1.7493","1.7572","1.7461","","0.07%"
"11-04-2006","1.7489","1.7435","1.7500","1.7394","","0.33%"
"10-04-2006","1.7432","1.7428","1.7472","1.7376","","-0.01%"
"07-04-2006","1.7433","1.7514","1.7535","1.7397","","-0.52%"
"06-04-2006","1.7525","1.7530","1.7597","1.7490","","-0.09%"
"05-04-2006","1.7541","1.7546","1.7617","1.7481","","-0.03%"
"04-04-2006","1.7546","1.7400","1.7575","1.7371","","0.86%"
"03-04-2006","1.7397","1.7365","1.7410","1.7251","","0.10%"
"31-03-2006","1.7380","1.7467","1.7476","1.7339","","-0.50%"
"30-03-2006","1.7468","1.7345","1.7484","1.7341","","0.71%"
"29-03-2006","1.7345","1.7429","1.7445","1.7317","","-0.51%"
"28-03-2006","1.7434","1.7471","1.7536","1.7426","","-0.17%"
"27-03-2006","1.7464","1.7432","1.7495","1.7417","","0.23%"
"24-03-2006","1.7424","1.7340","1.7445","1.7311","","0.42%"
"23-03-2006","1.7351","1.7468","1.7472","1.7329","","-0.69%"
"22-03-2006","1.7472","1.7483","1.7508","1.7454","","0.02%"
"21-03-2006","1.7468","1.7560","1.7562","1.7451","","-0.55%"
"20-03-2006","1.7565","1.7556","1.7588","1.7527","","0.00%"
"17-03-2006","1.7565","1.7569","1.7580","1.7512","","-0.04%"
"16-03-2006","1.7572","1.7475","1.7596","1.7441","","0.56%"
"15-03-2006","1.7474","1.7464","1.7494","1.7420","","0.06%"
"14-03-2006","1.7463","1.7344","1.7485","1.7333","","0.80%"
"13-03-2006","1.7324","1.7269","1.7354","1.7234","","0.34%"
"10-03-2006","1.7265","1.7354","1.7399","1.7230","","-0.57%"
"09-03-2006","1.7364","1.7375","1.7412","1.7346","","-0.07%"
"08-03-2006","1.7376","1.7361","1.7419","1.7345","","0.09%"
"07-03-2006","1.7360","1.7501","1.7505","1.7331","","-0.78%"
"06-03-2006","1.7496","1.7578","1.7624","1.7469","","-0.27%"
"03-03-2006","1.7544","1.7536","1.7587","1.7505","","-0.02%"
"02-03-2006","1.7548","1.7497","1.7550","1.7435","","0.35%"
"01-03-2006","1.7487","1.7538","1.7595","1.7463","","-0.29%"
"28-02-2006","1.7538","1.7399","1.7569","1.7377","","0.85%"
"27-02-2006","1.7391","1.7422","1.7453","1.7377","","-0.32%"
"24-02-2006","1.7447","1.7522","1.7537","1.7428","","-0.42%"
"23-02-2006","1.7520","1.7439","1.7555","1.7415","","0.52%"
"22-02-2006","1.7429","1.7458","1.7468","1.7376","","-0.17%"
"21-02-2006","1.7458","1.7441","1.7476","1.7416","","0.10%"
"20-02-2006","1.7440","1.7420","1.7461","1.7407","","0.14%"
"17-02-2006","1.7415","1.7394","1.7428","1.7333","","0.12%"
"16-02-2006","1.7394","1.7407","1.7414","1.7310","","-0.05%"
"15-02-2006","1.7403","1.7363","1.7490","1.7332","","0.24%"
"14-02-2006","1.7362","1.7421","1.7446","1.7280","","-0.33%"
"13-02-2006","1.7419","1.7439","1.7445","1.7368","","-0.12%"
"10-02-2006","1.7440","1.7433","1.7575","1.7410","","0.18%"
"09-02-2006","1.7409","1.7414","1.7465","1.7377","","-0.02%"
"08-02-2006","1.7412","1.7457","1.7472","1.7378","","-0.11%"
"07-02-2006","1.7432","1.7474","1.7515","1.7404","","-0.23%"
"06-02-2006","1.7473","1.7627","1.7642","1.7434","","-0.85%"
"03-02-2006","1.7623","1.7793","1.7808","1.7593","","-1.01%"
"02-02-2006","1.7802","1.7742","1.7815","1.7712","","0.36%"
"01-02-2006","1.7739","1.7786","1.7818","1.7727","","-0.27%"
"31-01-2006","1.7787","1.7678","1.7859","1.7667","","0.58%"
"30-01-2006","1.7684","1.7691","1.7716","1.7635","","0.05%"
"27-01-2006","1.7675","1.7809","1.7876","1.7668","","-0.72%"
"26-01-2006","1.7803","1.7839","1.7889","1.7777","","-0.22%"
"25-01-2006","1.7843","1.7842","1.7932","1.7817","","-0.04%"
"24-01-2006","1.7850","1.7872","1.7897","1.7805","","-0.12%"
"23-01-2006","1.7871","1.7718","1.7882","1.7713","","0.93%"
"20-01-2006","1.7706","1.7585","1.7728","1.7538","","0.64%"
"19-01-2006","1.7593","1.7631","1.7642","1.7528","","-0.19%"
"18-01-2006","1.7627","1.7672","1.7704","1.7586","","-0.27%"
"17-01-2006","1.7674","1.7671","1.7702","1.7586","","-0.06%"
"16-01-2006","1.7684","1.7775","1.7798","1.7642","","-0.39%"
"13-01-2006","1.7753","1.7605","1.7784","1.7593","","0.89%"
"12-01-2006","1.7596","1.7654","1.7726","1.7578","","-0.23%"
"11-01-2006","1.7636","1.7649","1.7674","1.7520","","-0.10%"
"10-01-2006","1.7653","1.7648","1.7700","1.7617","","0.05%"
"09-01-2006","1.7645","1.7689","1.7725","1.7627","","-0.31%"
"06-01-2006","1.7699","1.7556","1.7722","1.7506","","0.89%"
"05-01-2006","1.7542","1.7579","1.7590","1.7485","","-0.23%"
"04-01-2006","1.7583","1.7468","1.7618","1.7451","","0.77%"
"03-01-2006","1.7448","1.7198","1.7477","1.7188","","1.28%"
"02-01-2006","1.7228","1.7216","1.7248","1.7192","","0.10%"